# Blender 5.1.2
# www.blender.org
mtllib leafs.mtl
o leafs
v -0.312885 25.207043 0.305049
v 9.590833 32.959347 6.091154
v -3.403698 33.674828 10.812386
v -11.955224 32.690842 -0.030409
v -4.245501 31.367229 -11.452811
v 9.070573 31.533188 -7.669377
v 4.069338 45.234425 9.331792
v -9.246736 45.068462 5.548359
v -9.766994 43.642303 -8.212173
v 3.227535 42.926826 -12.933407
v 11.779061 43.910812 -2.090610
v 0.136721 51.394615 -2.426068
v -1.028865 25.909691 -3.436334
v -0.662104 29.987043 5.346417
v -8.320787 24.618372 2.813166
v -10.199215 26.307556 -6.541791
v -3.701309 32.720276 -9.790066
v 2.192866 34.994251 -2.442742
v -9.605829 32.904854 7.669068
v -15.500004 30.630873 0.321744
v -12.645034 35.638084 -7.467414
v -4.986351 41.006756 -4.934163
v -3.107923 39.317570 4.420794
v -12.278273 39.715431 1.315336
v 7.271550 25.622705 -1.689440
v 8.589106 34.408104 0.289078
v 0.176329 30.936600 0.373086
v -0.459591 24.939108 -6.443095
v 7.560320 24.704090 -10.739656
v 13.152624 30.556234 -6.578917
v 1.672220 39.154243 -3.241763
v -3.920084 33.302101 -7.402501
v 0.643434 29.450228 -14.270496
v 9.056211 32.921734 -14.354506
v 9.692131 38.919228 -7.538323
v 1.960992 38.235626 -12.291975
v -0.088080 22.986156 7.519228
v 7.211888 28.562874 12.822904
v -2.876362 28.562874 16.100826
v -9.111397 28.562874 7.519228
v -2.876362 28.562874 -1.062371
v 7.211888 28.562874 2.215553
v 2.700203 37.586243 16.100826
v -7.388047 37.586243 12.822904
v -7.388047 37.586243 2.215553
v 2.700203 37.586243 -1.062371
v 8.935238 37.586243 7.519228
v -0.088080 43.162956 7.519228
v -43.522953 39.276360 -96.125931
v -42.308407 40.227066 -95.416351
v -43.901997 40.314812 -94.837357
v -44.950718 40.194138 -96.167068
v -44.005234 40.031818 -97.567863
v -42.372208 40.052170 -97.103882
v -42.985538 41.732430 -95.018929
v -44.618561 41.712078 -95.482918
v -44.682365 41.537178 -97.170448
v -43.088772 41.449436 -97.749435
v -42.040051 41.570107 -96.419724
v -43.467815 42.487888 -96.460869
v -43.610760 39.362526 -96.584763
v -43.565781 39.862556 -95.507683
v -44.505009 39.204166 -95.818344
v -44.735371 39.411324 -96.965599
v -43.938496 40.197746 -97.363953
v -43.215660 40.476620 -96.462906
v -44.662601 40.220383 -95.222839
v -45.385437 39.941513 -96.123878
v -45.035316 40.555576 -97.079117
v -44.096085 41.213966 -96.768448
v -43.865726 41.006813 -95.621193
v -44.990337 41.055603 -96.002037
v -42.592834 39.327332 -96.370522
v -42.431255 40.404739 -96.127892
v -43.462959 39.979004 -96.117584
v -43.540947 39.243500 -96.953491
v -42.557419 39.214680 -97.480408
v -41.871605 39.932358 -96.970146
v -43.279510 40.986786 -96.560898
v -43.965324 40.269104 -97.071152
v -43.405678 39.796722 -97.913414
v -42.373970 40.222458 -97.923714
v -42.295982 40.957962 -97.087807
v -43.244099 40.874130 -97.670776
v -43.495388 39.003998 -95.241219
v -42.600151 39.687904 -94.590797
v -43.837330 39.687904 -94.188805
v -44.601963 39.687904 -95.241219
v -43.837330 39.687904 -96.293633
v -42.600151 39.687904 -95.891632
v -43.153442 40.794491 -94.188805
v -44.390621 40.794491 -94.590797
v -44.390621 40.794491 -95.891632
v -43.153442 40.794491 -96.293633
v -42.388805 40.794491 -95.241219
v -43.495388 41.478394 -95.241219
v -73.528633 39.276360 -96.125931
v -72.314087 40.227066 -95.416351
v -73.907677 40.314812 -94.837357
v -74.956398 40.194138 -96.167068
v -74.010910 40.031818 -97.567863
v -72.377884 40.052170 -97.103882
v -72.991219 41.732430 -95.018929
v -74.624245 41.712078 -95.482918
v -74.688042 41.537178 -97.170448
v -73.094452 41.449436 -97.749435
v -72.045731 41.570107 -96.419724
v -73.473495 42.487888 -96.460869
v -73.616440 39.362526 -96.584763
v -73.571457 39.862556 -95.507683
v -74.510689 39.204166 -95.818344
v -74.741043 39.411324 -96.965599
v -73.944176 40.197746 -97.363953
v -73.221336 40.476620 -96.462906
v -74.668274 40.220383 -95.222839
v -75.391113 39.941513 -96.123878
v -75.040993 40.555576 -97.079117
v -74.101768 41.213966 -96.768448
v -73.871407 41.006813 -95.621193
v -74.996010 41.055603 -96.002037
v -72.598511 39.327332 -96.370522
v -72.436935 40.404739 -96.127892
v -73.468636 39.979004 -96.117584
v -73.546623 39.243500 -96.953491
v -72.563095 39.214680 -97.480408
v -71.877281 39.932358 -96.970146
v -73.285194 40.986786 -96.560898
v -73.971001 40.269104 -97.071152
v -73.411354 39.796722 -97.913414
v -72.379646 40.222458 -97.923714
v -72.301659 40.957962 -97.087807
v -73.249771 40.874130 -97.670776
v -73.501060 39.003998 -95.241219
v -72.605827 39.687904 -94.590797
v -73.843010 39.687904 -94.188805
v -74.607643 39.687904 -95.241219
v -73.843010 39.687904 -96.293633
v -72.605827 39.687904 -95.891632
v -73.159119 40.794491 -94.188805
v -74.396294 40.794491 -94.590797
v -74.396294 40.794491 -95.891632
v -73.159119 40.794491 -96.293633
v -72.394485 40.794491 -95.241219
v -73.501060 41.478394 -95.241219
v -67.439880 39.276360 -96.238251
v -66.730301 40.227066 -97.452805
v -66.151314 40.314812 -95.859207
v -67.481026 40.194138 -94.810493
v -68.881813 40.031818 -95.755974
v -68.417831 40.052170 -97.389000
v -66.332886 41.732430 -96.775673
v -66.796867 41.712078 -95.142647
v -68.484398 41.537178 -95.078842
v -69.063385 41.449436 -96.672432
v -67.733673 41.570107 -97.721161
v -67.774818 42.487888 -96.293388
v -67.898712 39.362526 -96.150452
v -66.821632 39.862556 -96.195427
v -67.132301 39.204166 -95.256203
v -68.279556 39.411324 -95.025833
v -68.677902 40.197746 -95.822716
v -67.776863 40.476620 -96.545547
v -66.536789 40.220383 -95.098610
v -67.437843 39.941513 -94.375771
v -68.393066 40.555576 -94.725891
v -68.082397 41.213966 -95.665115
v -66.935143 41.006813 -95.895485
v -67.315987 41.055603 -94.770866
v -67.684479 39.327332 -97.168373
v -67.441841 40.404739 -97.329956
v -67.431541 39.979004 -96.298248
v -68.267448 39.243500 -96.220261
v -68.794365 39.214680 -97.203789
v -68.284103 39.932358 -97.889603
v -67.874847 40.986786 -96.481705
v -68.385101 40.269104 -95.795883
v -69.227364 39.796722 -96.355530
v -69.237663 40.222458 -97.387245
v -68.401756 40.957962 -97.465225
v -68.984726 40.874130 -96.517113
v -66.555168 39.003998 -96.265823
v -65.904755 39.687904 -97.161057
v -65.502754 39.687904 -95.923882
v -66.555168 39.687904 -95.159248
v -67.607582 39.687904 -95.923882
v -67.205589 39.687904 -97.161057
v -65.502754 40.794491 -96.607773
v -65.904755 40.794491 -95.370590
v -67.205589 40.794491 -95.370590
v -67.607582 40.794491 -96.607773
v -66.555168 40.794491 -97.372406
v -66.555168 41.478394 -96.265823
v -61.713696 39.276360 -96.288567
v -62.423279 40.227066 -95.074013
v -63.002270 40.314812 -96.667610
v -61.672558 40.194138 -97.716324
v -60.271763 40.031818 -96.770844
v -60.735748 40.052170 -95.137817
v -62.820698 41.732430 -95.751144
v -62.356712 41.712078 -97.384171
v -60.669182 41.537178 -97.447975
v -60.090187 41.449436 -95.854385
v -61.419903 41.570107 -94.805656
v -61.378765 42.487888 -96.233429
v -61.254871 39.362526 -96.376366
v -62.331947 39.862556 -96.331390
v -62.021282 39.204166 -97.270615
v -60.874031 39.411324 -97.500984
v -60.475674 40.197746 -96.704102
v -61.376720 40.476620 -95.981270
v -62.616787 40.220383 -97.428207
v -61.715744 39.941513 -98.151039
v -60.760513 40.555576 -97.800926
v -61.071182 41.213966 -96.861702
v -62.218433 41.006813 -96.631332
v -61.837593 41.055603 -97.755943
v -61.469101 39.327332 -95.358444
v -61.711739 40.404739 -95.196854
v -61.722042 39.979004 -96.228569
v -60.886131 39.243500 -96.306549
v -60.359222 39.214680 -95.323029
v -60.869476 39.932358 -94.637215
v -61.278728 40.986786 -96.045113
v -60.768475 40.269104 -96.730934
v -59.926212 39.796722 -96.171288
v -59.915909 40.222458 -95.139572
v -60.751820 40.957962 -95.061592
v -60.168850 40.874130 -96.009705
v -62.598412 39.003998 -96.260994
v -63.248833 39.687904 -95.365753
v -63.650822 39.687904 -96.602936
v -62.598412 39.687904 -97.367569
v -61.546001 39.687904 -96.602936
v -61.947990 39.687904 -95.365753
v -63.650822 40.794491 -95.919044
v -63.248833 40.794491 -97.156227
v -61.947990 40.794491 -97.156227
v -61.546001 40.794491 -95.919044
v -62.598412 40.794491 -95.154411
v -62.598412 41.478394 -96.260994
v -79.642090 39.276360 -96.288567
v -80.351669 40.227066 -95.074013
v -80.930656 40.314812 -96.667610
v -79.600945 40.194138 -97.716324
v -78.200157 40.031818 -96.770844
v -78.664139 40.052170 -95.137817
v -80.749092 41.732430 -95.751144
v -80.285103 41.712078 -97.384171
v -78.597572 41.537178 -97.447975
v -78.018585 41.449436 -95.854385
v -79.348297 41.570107 -94.805656
v -79.307159 42.487888 -96.233429
v -79.183258 39.362526 -96.376366
v -80.260338 39.862556 -96.331390
v -79.949669 39.204166 -97.270615
v -78.802422 39.411324 -97.500984
v -78.404068 40.197746 -96.704102
v -79.305115 40.476620 -95.981270
v -80.545181 40.220383 -97.428207
v -79.644135 39.941513 -98.151039
v -78.688904 40.555576 -97.800926
v -78.999573 41.213966 -96.861702
v -80.146828 41.006813 -96.631332
v -79.765984 41.055603 -97.755943
v -79.397491 39.327332 -95.358444
v -79.640129 40.404739 -95.196854
v -79.650436 39.979004 -96.228569
v -78.814522 39.243500 -96.306549
v -78.287613 39.214680 -95.323029
v -78.797874 39.932358 -94.637215
v -79.207123 40.986786 -96.045113
v -78.696869 40.269104 -96.730934
v -77.854607 39.796722 -96.171288
v -77.844307 40.222458 -95.139572
v -78.680214 40.957962 -95.061592
v -78.097244 40.874130 -96.009705
v -80.526802 39.003998 -96.260994
v -81.177223 39.687904 -95.365753
v -81.579216 39.687904 -96.602936
v -80.526802 39.687904 -97.367569
v -79.474396 39.687904 -96.602936
v -79.876381 39.687904 -95.365753
v -81.579216 40.794491 -95.919044
v -81.177223 40.794491 -97.156227
v -79.876381 40.794491 -97.156227
v -79.474396 40.794491 -95.919044
v -80.526802 40.794491 -95.154411
v -80.526802 41.478394 -96.260994
v -85.530899 39.276360 -96.125931
v -84.316360 40.227066 -95.416351
v -85.909950 40.314812 -94.837357
v -86.958664 40.194138 -96.167068
v -86.013176 40.031818 -97.567863
v -84.380157 40.052170 -97.103882
v -84.993492 41.732430 -95.018929
v -86.626511 41.712078 -95.482918
v -86.690315 41.537178 -97.170448
v -85.096718 41.449436 -97.749435
v -84.048004 41.570107 -96.419724
v -85.475769 42.487888 -96.460869
v -85.618706 39.362526 -96.584763
v -85.573730 39.862556 -95.507683
v -86.512962 39.204166 -95.818344
v -86.743317 39.411324 -96.965599
v -85.946442 40.197746 -97.363953
v -85.223610 40.476620 -96.462906
v -86.670547 40.220383 -95.222839
v -87.393379 39.941513 -96.123878
v -87.043259 40.555576 -97.079117
v -86.104034 41.213966 -96.768448
v -85.873672 41.006813 -95.621193
v -86.998283 41.055603 -96.002037
v -84.600777 39.327332 -96.370522
v -84.439201 40.404739 -96.127892
v -85.470909 39.979004 -96.117584
v -85.548897 39.243500 -96.953491
v -84.565369 39.214680 -97.480408
v -83.879555 39.932358 -96.970146
v -85.287460 40.986786 -96.560898
v -85.973274 40.269104 -97.071152
v -85.413628 39.796722 -97.913414
v -84.381920 40.222458 -97.923714
v -84.303932 40.957962 -97.087807
v -85.252037 40.874130 -97.670776
v -85.503334 39.003998 -95.241219
v -84.608093 39.687904 -94.590797
v -85.845276 39.687904 -94.188805
v -86.609909 39.687904 -95.241219
v -85.845276 39.687904 -96.293633
v -84.608093 39.687904 -95.891632
v -85.161392 40.794491 -94.188805
v -86.398567 40.794491 -94.590797
v -86.398567 40.794491 -95.891632
v -85.161392 40.794491 -96.293633
v -84.396759 40.794491 -95.241219
v -85.503334 41.478394 -95.241219
v -91.294388 39.276360 -96.238251
v -90.584808 40.227066 -97.452805
v -90.005814 40.314812 -95.859207
v -91.335533 40.194138 -94.810493
v -92.736320 40.031818 -95.755974
v -92.272339 40.052170 -97.389000
v -90.187386 41.732430 -96.775673
v -90.651375 41.712078 -95.142647
v -92.338905 41.537178 -95.078842
v -92.917892 41.449436 -96.672432
v -91.588181 41.570107 -97.721161
v -91.629318 42.487888 -96.293388
v -91.753220 39.362526 -96.150452
v -90.676140 39.862556 -96.195427
v -90.986809 39.204166 -95.256203
v -92.134056 39.411324 -95.025833
v -92.532410 40.197746 -95.822716
v -91.631363 40.476620 -96.545547
v -90.391296 40.220383 -95.098610
v -91.292343 39.941513 -94.375771
v -92.247574 40.555576 -94.725891
v -91.936905 41.213966 -95.665115
v -90.789650 41.006813 -95.895485
v -91.170494 41.055603 -94.770866
v -91.538979 39.327332 -97.168373
v -91.296349 40.404739 -97.329956
v -91.286041 39.979004 -96.298248
v -92.121948 39.243500 -96.220261
v -92.648865 39.214680 -97.203789
v -92.138603 39.932358 -97.889603
v -91.729355 40.986786 -96.481705
v -92.239609 40.269104 -95.795883
v -93.081871 39.796722 -96.355530
v -93.092171 40.222458 -97.387245
v -92.256264 40.957962 -97.465225
v -92.839233 40.874130 -96.517113
v -90.409676 39.003998 -96.265823
v -89.759254 39.687904 -97.161057
v -89.357262 39.687904 -95.923882
v -90.409676 39.687904 -95.159248
v -91.462082 39.687904 -95.923882
v -91.060097 39.687904 -97.161057
v -89.357262 40.794491 -96.607773
v -89.759254 40.794491 -95.370590
v -91.060097 40.794491 -95.370590
v -91.462082 40.794491 -96.607773
v -90.409676 40.794491 -97.372406
v -90.409676 41.478394 -96.265823
v -97.468704 39.276360 -42.327026
v -98.683250 40.227066 -43.036606
v -97.089661 40.314812 -43.615601
v -96.040939 40.194138 -42.285889
v -96.986427 40.031818 -40.885094
v -98.619453 40.052170 -41.349075
v -98.006119 41.732430 -43.434029
v -96.373093 41.712078 -42.970039
v -96.309296 41.537178 -41.282509
v -97.902885 41.449436 -40.703522
v -98.951607 41.570107 -42.033226
v -97.523842 42.487888 -41.992096
v -97.380898 39.362526 -41.868195
v -97.425880 39.862556 -42.945274
v -96.486649 39.204166 -42.634605
v -96.256294 39.411324 -41.487358
v -97.053162 40.197746 -41.089005
v -97.776001 40.476620 -41.990051
v -96.329063 40.220383 -43.230118
v -95.606224 39.941513 -42.329071
v -95.956345 40.555576 -41.373848
v -96.895569 41.213966 -41.684509
v -97.125931 41.006813 -42.831764
v -96.001328 41.055603 -42.450920
v -98.398827 39.327332 -42.082428
v -98.560410 40.404739 -42.325066
v -97.528702 39.979004 -42.335373
v -97.450714 39.243500 -41.499466
v -98.434242 39.214680 -40.972549
v -99.120056 39.932358 -41.482803
v -97.712151 40.986786 -41.892059
v -97.026337 40.269104 -41.381805
v -97.585983 39.796722 -40.539543
v -98.617691 40.222458 -40.529243
v -98.695679 40.957962 -41.365150
v -97.747566 40.874130 -40.782181
v -97.496277 39.003998 -43.211739
v -98.391518 39.687904 -43.862160
v -97.154335 39.687904 -44.264145
v -96.389694 39.687904 -43.211739
v -97.154327 39.687904 -42.159332
v -98.391518 39.687904 -42.561317
v -97.838219 40.794491 -44.264145
v -96.601044 40.794491 -43.862160
v -96.601044 40.794491 -42.561317
v -97.838219 40.794491 -42.159332
v -98.602852 40.794491 -43.211739
v -97.496277 41.478394 -43.211739
v -97.519012 39.276360 -60.100487
v -96.304466 40.227066 -59.390907
v -97.898056 40.314812 -58.811913
v -98.946777 40.194138 -60.141624
v -98.001289 40.031818 -61.542427
v -96.368263 40.052170 -61.078438
v -96.981598 41.732430 -58.993484
v -98.614624 41.712078 -59.457474
v -98.678421 41.537178 -61.145004
v -97.084831 41.449436 -61.723991
v -96.036110 41.570107 -60.394287
v -97.463875 42.487888 -60.435425
v -97.606819 39.362526 -60.559319
v -97.561836 39.862556 -59.482239
v -98.501068 39.204166 -59.792900
v -98.731430 39.411324 -60.940155
v -97.934555 40.197746 -61.338509
v -97.211716 40.476620 -60.437469
v -98.658653 40.220383 -59.197395
v -99.381493 39.941513 -60.098442
v -99.031372 40.555576 -61.053673
v -98.092148 41.213966 -60.743004
v -97.861786 41.006813 -59.595749
v -98.986397 41.055603 -59.976593
v -96.588890 39.327332 -60.345085
v -96.427315 40.404739 -60.102448
v -97.459023 39.979004 -60.092140
v -97.537010 39.243500 -60.928047
v -96.553474 39.214680 -61.454964
v -95.867661 39.932358 -60.944710
v -97.275574 40.986786 -60.535454
v -97.961388 40.269104 -61.045708
v -97.401733 39.796722 -61.887970
v -96.370026 40.222458 -61.898270
v -96.292038 40.957962 -61.062363
v -97.240150 40.874130 -61.645332
v -97.491440 39.003998 -59.215775
v -96.596207 39.687904 -58.565353
v -97.833389 39.687904 -58.163361
v -98.598022 39.687904 -59.215775
v -97.833389 39.687904 -60.268188
v -96.596207 39.687904 -59.866196
v -97.149498 40.794491 -58.163361
v -98.386681 40.794491 -58.565353
v -98.386681 40.794491 -59.866196
v -97.149498 40.794491 -60.268188
v -96.384865 40.794491 -59.215775
v -97.491440 41.478394 -59.215775
v -97.519012 39.276360 -78.028870
v -96.304466 40.227066 -77.319290
v -97.898056 40.314812 -76.740303
v -98.946777 40.194138 -78.070007
v -98.001289 40.031818 -79.470810
v -96.368263 40.052170 -79.006821
v -96.981598 41.732430 -76.921867
v -98.614624 41.712078 -77.385857
v -98.678421 41.537178 -79.073387
v -97.084831 41.449436 -79.652374
v -96.036110 41.570107 -78.322670
v -97.463875 42.487888 -78.363808
v -97.606819 39.362526 -78.487701
v -97.561836 39.862556 -77.410622
v -98.501068 39.204166 -77.721283
v -98.731430 39.411324 -78.868538
v -97.934555 40.197746 -79.266891
v -97.211716 40.476620 -78.365852
v -98.658653 40.220383 -77.125778
v -99.381493 39.941513 -78.026825
v -99.031372 40.555576 -78.982056
v -98.092148 41.213966 -78.671387
v -97.861786 41.006813 -77.524132
v -98.986397 41.055603 -77.904976
v -96.588890 39.327332 -78.273468
v -96.427315 40.404739 -78.030830
v -97.459023 39.979004 -78.020531
v -97.537010 39.243500 -78.856438
v -96.553474 39.214680 -79.383347
v -95.867661 39.932358 -78.873093
v -97.275574 40.986786 -78.463844
v -97.961388 40.269104 -78.974091
v -97.401733 39.796722 -79.816353
v -96.370026 40.222458 -79.826653
v -96.292038 40.957962 -78.990746
v -97.240150 40.874130 -79.573715
v -97.491440 39.003998 -77.144157
v -96.596207 39.687904 -76.493736
v -97.833389 39.687904 -76.091743
v -98.598022 39.687904 -77.144157
v -97.833389 39.687904 -78.196571
v -96.596207 39.687904 -77.794579
v -97.149498 40.794491 -76.091743
v -98.386681 40.794491 -76.493736
v -98.386681 40.794491 -77.794579
v -97.149498 40.794491 -78.196571
v -96.384865 40.794491 -77.144157
v -97.491440 41.478394 -77.144157
v -97.468704 39.276360 -72.302696
v -98.683250 40.227066 -73.012276
v -97.089661 40.314812 -73.591263
v -96.040939 40.194138 -72.261551
v -96.986427 40.031818 -70.860756
v -98.619453 40.052170 -71.324745
v -98.006119 41.732430 -73.409691
v -96.373093 41.712078 -72.945709
v -96.309296 41.537178 -71.258179
v -97.902885 41.449436 -70.679184
v -98.951607 41.570107 -72.008896
v -97.523842 42.487888 -71.967758
v -97.380898 39.362526 -71.843864
v -97.425880 39.862556 -72.920944
v -96.486649 39.204166 -72.610283
v -96.256294 39.411324 -71.463028
v -97.053162 40.197746 -71.064674
v -97.776001 40.476620 -71.965714
v -96.329063 40.220383 -73.205788
v -95.606224 39.941513 -72.304741
v -95.956345 40.555576 -71.349510
v -96.895569 41.213966 -71.660179
v -97.125931 41.006813 -72.807434
v -96.001328 41.055603 -72.426590
v -98.398827 39.327332 -72.058098
v -98.560410 40.404739 -72.300735
v -97.528702 39.979004 -72.311035
v -97.450714 39.243500 -71.475128
v -98.434242 39.214680 -70.948219
v -99.120056 39.932358 -71.458473
v -97.712151 40.986786 -71.867722
v -97.026337 40.269104 -71.357475
v -97.585983 39.796722 -70.515213
v -98.617691 40.222458 -70.504913
v -98.695679 40.957962 -71.340820
v -97.747566 40.874130 -70.757851
v -97.496277 39.003998 -73.187408
v -98.391518 39.687904 -73.837830
v -97.154335 39.687904 -74.239822
v -96.389694 39.687904 -73.187408
v -97.154327 39.687904 -72.134995
v -98.391518 39.687904 -72.536987
v -97.838219 40.794491 -74.239822
v -96.601044 40.794491 -73.837830
v -96.601044 40.794491 -72.536987
v -97.838219 40.794491 -72.134995
v -98.602852 40.794491 -73.187408
v -97.496277 41.478394 -73.187408
v -97.356384 39.276360 -66.213936
v -96.646797 40.227066 -67.428482
v -96.067810 40.314812 -65.834892
v -97.397522 40.194138 -64.786179
v -98.798317 40.031818 -65.731659
v -98.334328 40.052170 -67.364685
v -96.249382 41.732430 -66.751358
v -96.713364 41.712078 -65.118324
v -98.400894 41.537178 -65.054527
v -98.979889 41.449436 -66.648117
v -97.650169 41.570107 -67.696846
v -97.691315 42.487888 -66.269073
v -97.815208 39.362526 -66.126137
v -96.738129 39.862556 -66.171112
v -97.048798 39.204166 -65.231888
v -98.196053 39.411324 -65.001518
v -98.594398 40.197746 -65.798401
v -97.693359 40.476620 -66.521233
v -96.453285 40.220383 -65.074295
v -97.354340 39.941513 -64.351456
v -98.309570 40.555576 -64.701576
v -97.998894 41.213966 -65.640800
v -96.851646 41.006813 -65.871170
v -97.232483 41.055603 -64.746552
v -97.600975 39.327332 -67.144058
v -97.358345 40.404739 -67.305641
v -97.348038 39.979004 -66.273933
v -98.183945 39.243500 -66.195946
v -98.710861 39.214680 -67.179474
v -98.200600 39.932358 -67.865288
v -97.791351 40.986786 -66.457390
v -98.301605 40.269104 -65.771568
v -99.143867 39.796722 -66.331215
v -99.154167 40.222458 -67.362930
v -98.318253 40.957962 -67.440910
v -98.901230 40.874130 -66.492798
v -96.471664 39.003998 -66.241508
v -95.821251 39.687904 -67.136742
v -95.419258 39.687904 -65.899567
v -96.471664 39.687904 -65.134933
v -97.524078 39.687904 -65.899567
v -97.122093 39.687904 -67.136742
v -95.419258 40.794491 -66.583450
v -95.821251 40.794491 -65.346275
v -97.122093 40.794491 -65.346275
v -97.524078 40.794491 -66.583450
v -96.471664 40.794491 -67.348091
v -96.471664 41.478394 -66.241508
v -97.356384 39.276360 -84.292366
v -96.646797 40.227066 -85.506912
v -96.067810 40.314812 -83.913322
v -97.397522 40.194138 -82.864601
v -98.798317 40.031818 -83.810089
v -98.334328 40.052170 -85.443115
v -96.249382 41.732430 -84.829781
v -96.713364 41.712078 -83.196754
v -98.400894 41.537178 -83.132957
v -98.979889 41.449436 -84.726547
v -97.650169 41.570107 -85.775276
v -97.691315 42.487888 -84.347504
v -97.815208 39.362526 -84.204567
v -96.738129 39.862556 -84.249542
v -97.048798 39.204166 -83.310318
v -98.196053 39.411324 -83.079948
v -98.594398 40.197746 -83.876831
v -97.693359 40.476620 -84.599663
v -96.453285 40.220383 -83.152725
v -97.354340 39.941513 -82.429886
v -98.309570 40.555576 -82.780006
v -97.998894 41.213966 -83.719231
v -96.851646 41.006813 -83.949600
v -97.232483 41.055603 -82.824982
v -97.600975 39.327332 -85.222488
v -97.358345 40.404739 -85.384071
v -97.348038 39.979004 -84.352364
v -98.183945 39.243500 -84.274376
v -98.710861 39.214680 -85.257904
v -98.200600 39.932358 -85.943718
v -97.791351 40.986786 -84.535812
v -98.301605 40.269104 -83.849998
v -99.143867 39.796722 -84.409645
v -99.154167 40.222458 -85.441353
v -98.318253 40.957962 -85.519341
v -98.901230 40.874130 -84.571228
v -96.471664 39.003998 -84.319939
v -95.821251 39.687904 -85.215172
v -95.419258 39.687904 -83.977997
v -96.471664 39.687904 -83.213356
v -97.524078 39.687904 -83.977997
v -97.122093 39.687904 -85.215172
v -95.419258 40.794491 -84.661880
v -95.821251 40.794491 -83.424706
v -97.122093 40.794491 -83.424706
v -97.524078 40.794491 -84.661880
v -96.471664 40.794491 -85.426514
v -96.471664 41.478394 -84.319939
v -97.631340 39.276360 -90.268791
v -98.340919 40.227066 -89.054245
v -98.919907 40.314812 -90.647835
v -97.590195 40.194138 -91.696556
v -96.189407 40.031818 -90.751068
v -96.653389 40.052170 -89.118042
v -98.738335 41.732430 -89.731377
v -98.274353 41.712078 -91.364403
v -96.586823 41.537178 -91.428200
v -96.007835 41.449436 -89.834610
v -97.337540 41.570107 -88.785889
v -97.296402 42.487888 -90.213654
v -97.172508 39.362526 -90.356590
v -98.249588 39.862556 -90.311615
v -97.938919 39.204166 -91.250839
v -96.791664 39.411324 -91.481209
v -96.393318 40.197746 -90.684334
v -97.294357 40.476620 -89.961494
v -98.534431 40.220383 -91.408432
v -97.633377 39.941513 -92.131271
v -96.678162 40.555576 -91.781151
v -96.988823 41.213966 -90.841927
v -98.136078 41.006813 -90.611557
v -97.755234 41.055603 -91.736176
v -97.386742 39.327332 -89.338669
v -97.629379 40.404739 -89.177086
v -97.639679 39.979004 -90.208801
v -96.803772 39.243500 -90.286781
v -96.276855 39.214680 -89.303253
v -96.787117 39.932358 -88.617439
v -97.196373 40.986786 -90.025345
v -96.686119 40.269104 -90.711159
v -95.843857 39.796722 -90.151512
v -95.833557 40.222458 -89.119804
v -96.669464 40.957962 -89.041817
v -96.086494 40.874130 -89.989929
v -98.516052 39.003998 -90.241226
v -99.166466 39.687904 -89.345985
v -99.568466 39.687904 -90.583160
v -98.516052 39.687904 -91.347801
v -97.463638 39.687904 -90.583160
v -97.865631 39.687904 -89.345985
v -99.568466 40.794491 -89.899277
v -99.166466 40.794491 -91.136452
v -97.865631 40.794491 -91.136452
v -97.463638 40.794491 -89.899277
v -98.516052 40.794491 -89.134644
v -98.516052 41.478394 -90.241226
v -97.356384 39.276360 -96.219612
v -96.646797 40.227066 -97.434166
v -96.067810 40.314812 -95.840569
v -97.397522 40.194138 -94.791855
v -98.798317 40.031818 -95.737335
v -98.334328 40.052170 -97.370361
v -96.249382 41.732430 -96.757034
v -96.713364 41.712078 -95.124008
v -98.400894 41.537178 -95.060204
v -98.979889 41.449436 -96.653793
v -97.650169 41.570107 -97.702522
v -97.691315 42.487888 -96.274750
v -97.815208 39.362526 -96.131813
v -96.738129 39.862556 -96.176788
v -97.048798 39.204166 -95.237564
v -98.196053 39.411324 -95.007195
v -98.594398 40.197746 -95.804077
v -97.693359 40.476620 -96.526909
v -96.453285 40.220383 -95.079971
v -97.354340 39.941513 -94.357140
v -98.309570 40.555576 -94.707253
v -97.998894 41.213966 -95.646477
v -96.851646 41.006813 -95.876846
v -97.232483 41.055603 -94.752235
v -97.600975 39.327332 -97.149734
v -97.358345 40.404739 -97.311325
v -97.348038 39.979004 -96.279610
v -98.183945 39.243500 -96.201630
v -98.710861 39.214680 -97.185150
v -98.200600 39.932358 -97.870964
v -97.791351 40.986786 -96.463066
v -98.301605 40.269104 -95.777245
v -99.143867 39.796722 -96.336891
v -99.154167 40.222458 -97.368607
v -98.318253 40.957962 -97.446587
v -98.901230 40.874130 -96.498474
v -96.471664 39.003998 -96.247185
v -95.821251 39.687904 -97.142426
v -95.419258 39.687904 -95.905243
v -96.471664 39.687904 -95.140610
v -97.524078 39.687904 -95.905243
v -97.122093 39.687904 -97.142426
v -95.419258 40.794491 -96.589134
v -95.821251 40.794491 -95.351952
v -97.122093 40.794491 -95.351952
v -97.524078 40.794491 -96.589134
v -96.471664 40.794491 -97.353767
v -96.471664 41.478394 -96.247185
v -82.519180 87.263351 -89.285271
v -81.809593 88.214058 -90.499817
v -81.230606 88.301804 -88.906227
v -82.560318 88.181129 -87.857506
v -83.961113 88.018814 -88.802986
v -83.497124 88.039162 -90.436012
v -81.412178 89.719421 -89.822685
v -81.876160 89.699066 -88.189659
v -83.563690 89.524170 -88.125854
v -84.142685 89.436432 -89.719452
v -82.812965 89.557098 -90.768173
v -82.854111 90.474884 -89.340408
v -82.978004 87.349518 -89.197464
v -81.900925 87.849548 -89.242447
v -82.211594 87.191162 -88.303215
v -83.358849 87.398315 -88.072853
v -83.757195 88.184738 -88.869728
v -82.856155 88.463608 -89.592560
v -81.616081 88.207375 -88.145630
v -82.517136 87.928505 -87.422791
v -83.472359 88.542572 -87.772911
v -83.161690 89.200958 -88.712135
v -82.014442 88.993805 -88.942497
v -82.395279 89.042595 -87.817886
v -82.763771 87.314323 -90.215393
v -82.521141 88.391731 -90.376976
v -82.510834 87.966003 -89.345261
v -83.346741 87.230492 -89.267281
v -83.873657 87.201675 -90.250801
v -83.363396 87.919357 -90.936623
v -82.954147 88.973778 -89.528717
v -83.464401 88.256096 -88.842903
v -84.306664 87.783714 -89.402542
v -84.316956 88.209450 -90.434258
v -83.481049 88.944954 -90.512238
v -84.064018 88.861122 -89.564133
v -81.634460 86.990990 -89.312836
v -80.984047 87.674896 -90.208076
v -80.582054 87.674896 -88.970894
v -81.634460 87.674896 -88.206253
v -82.686874 87.674896 -88.970894
v -82.284882 87.674896 -90.208076
v -80.582054 88.781479 -89.654785
v -80.984047 88.781479 -88.417603
v -82.284882 88.781479 -88.417603
v -82.686874 88.781479 -89.654785
v -81.634460 88.781479 -90.419418
v -81.634460 89.465385 -89.312836
v -76.457184 87.263351 -89.303902
v -75.747604 88.214058 -90.518456
v -75.168610 88.301804 -88.924858
v -76.498329 88.181129 -87.876144
v -77.899117 88.018814 -88.821625
v -77.435135 88.039162 -90.454651
v -75.350182 89.719421 -89.841324
v -75.814171 89.699066 -88.208298
v -77.501701 89.524170 -88.144493
v -78.080688 89.436432 -89.738083
v -76.750977 89.557098 -90.786812
v -76.792114 90.474884 -89.359039
v -76.916016 87.349518 -89.216103
v -75.838928 87.849548 -89.261078
v -76.149605 87.191162 -88.321854
v -77.296852 87.398315 -88.091484
v -77.695206 88.184738 -88.888367
v -76.794159 88.463608 -89.611198
v -75.554092 88.207375 -88.164261
v -76.455139 87.928505 -87.441429
v -77.410370 88.542572 -87.791542
v -77.099701 89.200958 -88.730766
v -75.952446 88.993805 -88.961136
v -76.333290 89.042595 -87.836525
v -76.701775 87.314323 -90.234024
v -76.459145 88.391731 -90.395615
v -76.448837 87.966003 -89.363899
v -77.284744 87.230492 -89.285919
v -77.811661 87.201675 -90.269440
v -77.301399 87.919357 -90.955254
v -76.892151 88.973778 -89.547356
v -77.402405 88.256096 -88.861534
v -78.244667 87.783714 -89.421181
v -78.254967 88.209450 -90.452896
v -77.419060 88.944954 -90.530876
v -78.002029 88.861122 -89.582764
v -75.572472 86.990990 -89.331474
v -74.922050 87.674896 -90.226715
v -74.520058 87.674896 -88.989532
v -75.572472 87.674896 -88.224892
v -76.624878 87.674896 -88.989532
v -76.222893 87.674896 -90.226715
v -74.520058 88.781479 -89.673424
v -74.922050 88.781479 -88.436241
v -76.222893 88.781479 -88.436241
v -76.624878 88.781479 -89.673424
v -75.572472 88.781479 -90.438057
v -75.572472 89.465385 -89.331474
v -70.693703 87.263351 -89.191582
v -69.479156 88.214058 -88.482002
v -71.072754 88.301804 -87.903015
v -72.121468 88.181129 -89.232719
v -71.175980 88.018814 -90.633522
v -69.542961 88.039162 -90.169533
v -70.156288 89.719421 -88.084579
v -71.789314 89.699066 -88.548569
v -71.853111 89.524170 -90.236099
v -70.259521 89.436432 -90.815086
v -69.210808 89.557098 -89.485374
v -70.638573 90.474884 -89.526520
v -70.781509 87.349518 -89.650414
v -70.736534 87.849548 -88.573334
v -71.675766 87.191162 -88.883995
v -71.906120 87.398315 -90.031250
v -71.109245 88.184738 -90.429604
v -70.386414 88.463608 -89.528557
v -71.833351 88.207375 -88.288490
v -72.556183 87.928505 -89.189529
v -72.206062 88.542572 -90.144768
v -71.266838 89.200958 -89.834099
v -71.036476 88.993805 -88.686844
v -72.161087 89.042595 -89.067688
v -69.763580 87.314323 -89.436180
v -69.602005 88.391731 -89.193542
v -70.633713 87.966003 -89.183235
v -70.711700 87.230492 -90.019142
v -69.728172 87.201675 -90.546059
v -69.042358 87.919357 -90.035805
v -70.450264 88.973778 -89.626549
v -71.136078 88.256096 -90.136803
v -70.576424 87.783714 -90.979065
v -69.544724 88.209450 -90.989365
v -69.466736 88.944954 -90.153458
v -70.414841 88.861122 -90.736427
v -70.666130 86.990990 -88.306870
v -69.770897 87.674896 -87.656448
v -71.008080 87.674896 -87.254456
v -71.772713 87.674896 -88.306870
v -71.008080 87.674896 -89.359283
v -69.770897 87.674896 -88.957291
v -70.324188 88.781479 -87.254456
v -71.561371 88.781479 -87.656448
v -71.561371 88.781479 -88.957291
v -70.324188 88.781479 -89.359283
v -69.559555 88.781479 -88.306870
v -70.666130 89.465385 -88.306870
v -64.804886 87.263351 -89.354218
v -65.514465 88.214058 -88.139664
v -66.093452 88.301804 -89.733261
v -64.763741 88.181129 -90.781975
v -63.362946 88.018814 -89.836494
v -63.826931 88.039162 -88.203468
v -65.911880 89.719421 -88.816795
v -65.447899 89.699066 -90.449829
v -63.760365 89.524170 -90.513626
v -63.181370 89.436432 -88.920036
v -64.511093 89.557098 -87.871307
v -64.469948 90.474884 -89.299080
v -64.346054 87.349518 -89.442017
v -65.423134 87.849548 -89.397041
v -65.112465 87.191162 -90.336266
v -63.965206 87.398315 -90.566635
v -63.566856 88.184738 -89.769753
v -64.467911 88.463608 -89.046921
v -65.707977 88.207375 -90.493858
v -64.806931 87.928505 -91.216698
v -63.851696 88.542572 -90.866577
v -64.162369 89.200958 -89.927353
v -65.309624 88.993805 -89.696983
v -64.928780 89.042595 -90.821602
v -64.560287 87.314323 -88.424095
v -64.802925 88.391731 -88.262512
v -64.813225 87.966003 -89.294220
v -63.977314 87.230492 -89.372208
v -63.450405 87.201675 -88.388680
v -63.960667 87.919357 -87.702866
v -64.369919 88.973778 -89.110764
v -63.859661 88.256096 -89.796585
v -63.017395 87.783714 -89.236938
v -63.007092 88.209450 -88.205223
v -63.843006 88.944954 -88.127243
v -63.260036 88.861122 -89.075356
v -65.689598 86.990990 -89.326645
v -66.340012 87.674896 -88.431412
v -66.742012 87.674896 -89.668587
v -65.689598 87.674896 -90.433228
v -64.637192 87.674896 -89.668587
v -65.039177 87.674896 -88.431412
v -66.742012 88.781479 -88.984703
v -66.340012 88.781479 -90.221878
v -65.039177 88.781479 -90.221878
v -64.637192 88.781479 -88.984703
v -65.689598 88.781479 -88.220062
v -65.689598 89.465385 -89.326645
v -52.602680 87.263351 -89.303902
v -51.893097 88.214058 -90.518456
v -51.314106 88.301804 -88.924858
v -52.643818 88.181129 -87.876144
v -54.044613 88.018814 -88.821625
v -53.580627 88.039162 -90.454651
v -51.495678 89.719421 -89.841324
v -51.959663 89.699066 -88.208298
v -53.647194 89.524170 -88.144493
v -54.226189 89.436432 -89.738083
v -52.896473 89.557098 -90.786812
v -52.937611 90.474884 -89.359039
v -53.061504 87.349518 -89.216103
v -51.984425 87.849548 -89.261078
v -52.295094 87.191162 -88.321854
v -53.442345 87.398315 -88.091484
v -53.840702 88.184738 -88.888367
v -52.939655 88.463608 -89.611198
v -51.699589 88.207375 -88.164261
v -52.600632 87.928505 -87.441429
v -53.555859 88.542572 -87.791542
v -53.245193 89.200958 -88.730766
v -52.097942 88.993805 -88.961136
v -52.478783 89.042595 -87.836525
v -52.847275 87.314323 -90.234024
v -52.604637 88.391731 -90.395615
v -52.594334 87.966003 -89.363899
v -53.430241 87.230492 -89.285919
v -53.957153 87.201675 -90.269440
v -53.446899 87.919357 -90.955254
v -53.037647 88.973778 -89.547356
v -53.547901 88.256096 -88.861534
v -54.390163 87.783714 -89.421181
v -54.400463 88.209450 -90.452896
v -53.564556 88.944954 -90.530876
v -54.147522 88.861122 -89.582764
v -51.717964 86.990990 -89.331474
v -51.067543 87.674896 -90.226715
v -50.665558 87.674896 -88.989532
v -51.717964 87.674896 -88.224892
v -52.770374 87.674896 -88.989532
v -52.368382 87.674896 -90.226715
v -50.665558 88.781479 -89.673424
v -51.067543 88.781479 -88.436241
v -52.368382 88.781479 -88.436241
v -52.770374 88.781479 -89.673424
v -51.717964 88.781479 -90.438057
v -51.717964 89.465385 -89.331474
v -58.691422 87.263351 -89.191582
v -57.476875 88.214058 -88.482002
v -59.070465 88.301804 -87.903015
v -60.119190 88.181129 -89.232719
v -59.173702 88.018814 -90.633522
v -57.540676 88.039162 -90.169533
v -58.154007 89.719421 -88.084579
v -59.787033 89.699066 -88.548569
v -59.850834 89.524170 -90.236099
v -58.257240 89.436432 -90.815086
v -57.208519 89.557098 -89.485374
v -58.636288 90.474884 -89.526520
v -58.779228 87.349518 -89.650414
v -58.734249 87.849548 -88.573334
v -59.673477 87.191162 -88.883995
v -59.903843 87.398315 -90.031250
v -59.106964 88.184738 -90.429604
v -58.384129 88.463608 -89.528557
v -59.831070 88.207375 -88.288490
v -60.553905 87.928505 -89.189529
v -60.203785 88.542572 -90.144768
v -59.264557 89.200958 -89.834099
v -59.034195 88.993805 -88.686844
v -60.158810 89.042595 -89.067688
v -57.761303 87.314323 -89.436180
v -57.599724 88.391731 -89.193542
v -58.631432 87.966003 -89.183235
v -58.709415 87.230492 -90.019142
v -57.725887 87.201675 -90.546059
v -57.040073 87.919357 -90.035805
v -58.447979 88.973778 -89.626549
v -59.133797 88.256096 -90.136803
v -58.574146 87.783714 -90.979065
v -57.542439 88.209450 -90.989365
v -57.464451 88.944954 -90.153458
v -58.412567 88.861122 -90.736427
v -58.663857 86.990990 -88.306870
v -57.768620 87.674896 -87.656448
v -59.005798 87.674896 -87.254456
v -59.770435 87.674896 -88.306870
v -59.005798 87.674896 -89.359283
v -57.768620 87.674896 -88.957291
v -58.321911 88.781479 -87.254456
v -59.559093 88.781479 -87.656448
v -59.559093 88.781479 -88.957291
v -58.321911 88.781479 -89.359283
v -57.557274 88.781479 -88.306870
v -58.663857 89.465385 -88.306870
v -64.804886 87.263351 -42.390633
v -65.514465 88.214058 -41.176079
v -66.093452 88.301804 -42.769676
v -64.763741 88.181129 -43.818398
v -63.362946 88.018814 -42.872910
v -63.826931 88.039162 -41.239883
v -65.911880 89.719421 -41.853218
v -65.447899 89.699066 -43.486237
v -63.760365 89.524170 -43.550041
v -63.181370 89.436432 -41.956451
v -64.511093 89.557098 -40.907730
v -64.469948 90.474884 -42.335495
v -64.346054 87.349518 -42.478432
v -65.423134 87.849548 -42.433456
v -65.112465 87.191162 -43.372688
v -63.965206 87.398315 -43.603050
v -63.566856 88.184738 -42.806175
v -64.467911 88.463608 -42.083336
v -65.707977 88.207375 -43.530281
v -64.806931 87.928505 -44.253113
v -63.851696 88.542572 -43.902992
v -64.162369 89.200958 -42.963768
v -65.309624 88.993805 -42.733406
v -64.928780 89.042595 -43.858017
v -64.560287 87.314323 -41.460510
v -64.802925 88.391731 -41.298927
v -64.813225 87.966003 -42.330635
v -63.977314 87.230492 -42.408623
v -63.450405 87.201675 -41.425095
v -63.960667 87.919357 -40.739281
v -64.369919 88.973778 -42.147186
v -63.859661 88.256096 -42.833000
v -63.017395 87.783714 -42.273354
v -63.007092 88.209450 -41.241646
v -63.843006 88.944954 -41.163658
v -63.260036 88.861122 -42.111771
v -65.689598 86.990990 -42.363060
v -66.340012 87.674896 -41.467827
v -66.742012 87.674896 -42.705002
v -65.689598 87.674896 -43.469643
v -64.637192 87.674896 -42.705002
v -65.039177 87.674896 -41.467827
v -66.742012 88.781479 -42.021118
v -66.340012 88.781479 -43.258301
v -65.039177 88.781479 -43.258301
v -64.637192 88.781479 -42.021118
v -65.689598 88.781479 -41.256485
v -65.689598 89.465385 -42.363060
v -70.693703 87.263351 -42.228004
v -69.479156 88.214058 -41.518417
v -71.072754 88.301804 -40.939423
v -72.121468 88.181129 -42.269142
v -71.175980 88.018814 -43.669930
v -69.542961 88.039162 -43.205948
v -70.156288 89.719421 -41.121002
v -71.789314 89.699066 -41.584984
v -71.853111 89.524170 -43.272514
v -70.259521 89.436432 -43.851509
v -69.210808 89.557098 -42.521790
v -70.638573 90.474884 -42.562935
v -70.781509 87.349518 -42.686829
v -70.736534 87.849548 -41.609749
v -71.675766 87.191162 -41.920418
v -71.906120 87.398315 -43.067665
v -71.109245 88.184738 -43.466026
v -70.386414 88.463608 -42.564980
v -71.833351 88.207375 -41.324913
v -72.556183 87.928505 -42.225952
v -72.206062 88.542572 -43.181183
v -71.266838 89.200958 -42.870514
v -71.036476 88.993805 -41.723267
v -72.161087 89.042595 -42.104103
v -69.763580 87.314323 -42.472595
v -69.602005 88.391731 -42.229958
v -70.633713 87.966003 -42.219658
v -70.711700 87.230492 -43.055565
v -69.728172 87.201675 -43.582474
v -69.042358 87.919357 -43.072220
v -70.450264 88.973778 -42.662964
v -71.136078 88.256096 -43.173218
v -70.576424 87.783714 -44.015480
v -69.544724 88.209450 -44.025787
v -69.466736 88.944954 -43.189873
v -70.414841 88.861122 -43.772842
v -70.666130 86.990990 -41.343285
v -69.770897 87.674896 -40.692863
v -71.008080 87.674896 -40.290878
v -71.772713 87.674896 -41.343285
v -71.008080 87.674896 -42.395699
v -69.770897 87.674896 -41.993706
v -70.324188 88.781479 -40.290878
v -71.561371 88.781479 -40.692863
v -71.561371 88.781479 -41.993706
v -70.324188 88.781479 -42.395699
v -69.559555 88.781479 -41.343285
v -70.666130 89.465385 -41.343285
v -76.457184 87.263351 -42.340324
v -75.747604 88.214058 -43.554878
v -75.168610 88.301804 -41.961281
v -76.498329 88.181129 -40.912560
v -77.899117 88.018814 -41.858047
v -77.435135 88.039162 -43.491074
v -75.350182 89.719421 -42.877739
v -75.814171 89.699066 -41.244720
v -77.501701 89.524170 -41.180916
v -78.080688 89.436432 -42.774506
v -76.750977 89.557098 -43.823227
v -76.792114 90.474884 -42.395462
v -76.916016 87.349518 -42.252518
v -75.838928 87.849548 -42.297501
v -76.149605 87.191162 -41.358269
v -77.296852 87.398315 -41.127907
v -77.695206 88.184738 -41.924782
v -76.794159 88.463608 -42.647621
v -75.554092 88.207375 -41.200676
v -76.455139 87.928505 -40.477844
v -77.410370 88.542572 -40.827965
v -77.099701 89.200958 -41.767189
v -75.952446 88.993805 -41.997551
v -76.333290 89.042595 -40.872940
v -76.701775 87.314323 -43.270447
v -76.459145 88.391731 -43.432022
v -76.448837 87.966003 -42.400322
v -77.284744 87.230492 -42.322334
v -77.811661 87.201675 -43.305862
v -77.301399 87.919357 -43.991676
v -76.892151 88.973778 -42.583771
v -77.402405 88.256096 -41.897957
v -78.244667 87.783714 -42.457603
v -78.254967 88.209450 -43.489311
v -77.419060 88.944954 -43.567299
v -78.002029 88.861122 -42.619186
v -75.572472 86.990990 -42.367897
v -74.922050 87.674896 -43.263130
v -74.520058 87.674896 -42.025955
v -75.572472 87.674896 -41.261314
v -76.624878 87.674896 -42.025955
v -76.222893 87.674896 -43.263130
v -74.520058 88.781479 -42.709839
v -74.922050 88.781479 -41.472656
v -76.222893 88.781479 -41.472656
v -76.624878 88.781479 -42.709839
v -75.572472 88.781479 -43.474472
v -75.572472 89.465385 -42.367897
v -82.519180 87.263351 -42.321686
v -81.809593 88.214058 -43.536240
v -81.230606 88.301804 -41.942642
v -82.560318 88.181129 -40.893921
v -83.961113 88.018814 -41.839409
v -83.497124 88.039162 -43.472435
v -81.412178 89.719421 -42.859100
v -81.876160 89.699066 -41.226082
v -83.563690 89.524170 -41.162277
v -84.142685 89.436432 -42.755867
v -82.812965 89.557098 -43.804596
v -82.854111 90.474884 -42.376823
v -82.978004 87.349518 -42.233887
v -81.900925 87.849548 -42.278862
v -82.211594 87.191162 -41.339630
v -83.358849 87.398315 -41.109268
v -83.757195 88.184738 -41.906143
v -82.856155 88.463608 -42.628983
v -81.616081 88.207375 -41.182037
v -82.517136 87.928505 -40.459206
v -83.472359 88.542572 -40.809326
v -83.161690 89.200958 -41.748550
v -82.014442 88.993805 -41.978912
v -82.395279 89.042595 -40.854301
v -82.763771 87.314323 -43.251808
v -82.521141 88.391731 -43.413391
v -82.510834 87.966003 -42.381683
v -83.346741 87.230492 -42.303696
v -83.873657 87.201675 -43.287224
v -83.363396 87.919357 -43.973038
v -82.954147 88.973778 -42.565132
v -83.464401 88.256096 -41.879318
v -84.306664 87.783714 -42.438965
v -84.316956 88.209450 -43.470673
v -83.481049 88.944954 -43.548660
v -84.064018 88.861122 -42.600548
v -81.634460 86.990990 -42.349258
v -80.984047 87.674896 -43.244492
v -80.582054 87.674896 -42.007317
v -81.634460 87.674896 -41.242676
v -82.686874 87.674896 -42.007317
v -82.284882 87.674896 -43.244492
v -80.582054 88.781479 -42.691200
v -80.984047 88.781479 -41.454018
v -82.284882 88.781479 -41.454018
v -82.686874 88.781479 -42.691200
v -81.634460 88.781479 -43.455833
v -81.634460 89.465385 -42.349258
v -82.519180 87.263351 -51.321686
v -81.809593 88.214058 -52.536240
v -81.230606 88.301804 -50.942642
v -82.560318 88.181129 -49.893921
v -83.961113 88.018814 -50.839409
v -83.497124 88.039162 -52.472435
v -81.412178 89.719421 -51.859100
v -81.876160 89.699066 -50.226082
v -83.563690 89.524170 -50.162277
v -84.142685 89.436432 -51.755867
v -82.812965 89.557098 -52.804588
v -82.854111 90.474884 -51.376823
v -82.978004 87.349518 -51.233879
v -81.900925 87.849548 -51.278862
v -82.211594 87.191162 -50.339630
v -83.358849 87.398315 -50.109268
v -83.757195 88.184738 -50.906143
v -82.856155 88.463608 -51.628983
v -81.616081 88.207375 -50.182037
v -82.517136 87.928505 -49.459206
v -83.472359 88.542572 -49.809326
v -83.161690 89.200958 -50.748550
v -82.014442 88.993805 -50.978912
v -82.395279 89.042595 -49.854301
v -82.763771 87.314323 -52.251808
v -82.521141 88.391731 -52.413383
v -82.510834 87.966003 -51.381683
v -83.346741 87.230492 -51.303696
v -83.873657 87.201675 -52.287224
v -83.363396 87.919357 -52.973038
v -82.954147 88.973778 -51.565132
v -83.464401 88.256096 -50.879318
v -84.306664 87.783714 -51.438965
v -84.316956 88.209450 -52.470673
v -83.481049 88.944954 -52.548660
v -84.064018 88.861122 -51.600548
v -81.634460 86.990990 -51.349258
v -80.984047 87.674896 -52.244492
v -80.582054 87.674896 -51.007317
v -81.634460 87.674896 -50.242676
v -82.686874 87.674896 -51.007317
v -82.284882 87.674896 -52.244492
v -80.582054 88.781479 -51.691200
v -80.984047 88.781479 -50.454018
v -82.284882 88.781479 -50.454018
v -82.686874 88.781479 -51.691200
v -81.634460 88.781479 -52.455833
v -81.634460 89.465385 -51.349258
v -76.457184 87.263351 -51.340324
v -75.747604 88.214058 -52.554871
v -75.168610 88.301804 -50.961281
v -76.498329 88.181129 -49.912560
v -77.899117 88.018814 -50.858047
v -77.435135 88.039162 -52.491066
v -75.350182 89.719421 -51.877739
v -75.814171 89.699066 -50.244713
v -77.501701 89.524170 -50.180908
v -78.080688 89.436432 -51.774506
v -76.750977 89.557098 -52.823227
v -76.792114 90.474884 -51.395462
v -76.916016 87.349518 -51.252518
v -75.838928 87.849548 -51.297501
v -76.149605 87.191162 -50.358269
v -77.296852 87.398315 -50.127907
v -77.695206 88.184738 -50.924782
v -76.794159 88.463608 -51.647614
v -75.554092 88.207375 -50.200676
v -76.455139 87.928505 -49.477844
v -77.410370 88.542572 -49.827965
v -77.099701 89.200958 -50.767189
v -75.952446 88.993805 -50.997551
v -76.333290 89.042595 -49.872940
v -76.701775 87.314323 -52.270447
v -76.459145 88.391731 -52.432022
v -76.448837 87.966003 -51.400322
v -77.284744 87.230492 -51.322334
v -77.811661 87.201675 -52.305862
v -77.301399 87.919357 -52.991676
v -76.892151 88.973778 -51.583771
v -77.402405 88.256096 -50.897957
v -78.244667 87.783714 -51.457603
v -78.254967 88.209450 -52.489311
v -77.419060 88.944954 -52.567299
v -78.002029 88.861122 -51.619186
v -75.572472 86.990990 -51.367897
v -74.922050 87.674896 -52.263130
v -74.520058 87.674896 -51.025948
v -75.572472 87.674896 -50.261314
v -76.624878 87.674896 -51.025948
v -76.222893 87.674896 -52.263130
v -74.520058 88.781479 -51.709831
v -74.922050 88.781479 -50.472656
v -76.222893 88.781479 -50.472656
v -76.624878 88.781479 -51.709831
v -75.572472 88.781479 -52.474472
v -75.572472 89.465385 -51.367897
v -70.693703 87.263351 -51.228004
v -69.479156 88.214058 -50.518417
v -71.072754 88.301804 -49.939423
v -72.121468 88.181129 -51.269142
v -71.175980 88.018814 -52.669930
v -69.542961 88.039162 -52.205948
v -70.156288 89.719421 -50.121002
v -71.789314 89.699066 -50.584984
v -71.853111 89.524170 -52.272514
v -70.259521 89.436432 -52.851509
v -69.210808 89.557098 -51.521790
v -70.638573 90.474884 -51.562935
v -70.781509 87.349518 -51.686829
v -70.736534 87.849548 -50.609749
v -71.675766 87.191162 -50.920418
v -71.906120 87.398315 -52.067665
v -71.109245 88.184738 -52.466019
v -70.386414 88.463608 -51.564980
v -71.833351 88.207375 -50.324905
v -72.556183 87.928505 -51.225952
v -72.206062 88.542572 -52.181183
v -71.266838 89.200958 -51.870514
v -71.036476 88.993805 -50.723267
v -72.161087 89.042595 -51.104103
v -69.763580 87.314323 -51.472595
v -69.602005 88.391731 -51.229958
v -70.633713 87.966003 -51.219658
v -70.711700 87.230492 -52.055565
v -69.728172 87.201675 -52.582474
v -69.042358 87.919357 -52.072220
v -70.450264 88.973778 -51.662964
v -71.136078 88.256096 -52.173218
v -70.576424 87.783714 -53.015480
v -69.544724 88.209450 -53.025780
v -69.466736 88.944954 -52.189873
v -70.414841 88.861122 -52.772842
v -70.666130 86.990990 -50.343285
v -69.770897 87.674896 -49.692863
v -71.008080 87.674896 -49.290878
v -71.772713 87.674896 -50.343285
v -71.008080 87.674896 -51.395691
v -69.770897 87.674896 -50.993706
v -70.324188 88.781479 -49.290878
v -71.561371 88.781479 -49.692863
v -71.561371 88.781479 -50.993706
v -70.324188 88.781479 -51.395691
v -69.559555 88.781479 -50.343285
v -70.666130 89.465385 -50.343285
v -64.804886 87.263351 -51.390633
v -65.514465 88.214058 -50.176079
v -66.093452 88.301804 -51.769676
v -64.763741 88.181129 -52.818398
v -63.362946 88.018814 -51.872910
v -63.826931 88.039162 -50.239883
v -65.911880 89.719421 -50.853218
v -65.447899 89.699066 -52.486237
v -63.760365 89.524170 -52.550041
v -63.181370 89.436432 -50.956451
v -64.511093 89.557098 -49.907722
v -64.469948 90.474884 -51.335495
v -64.346054 87.349518 -51.478432
v -65.423134 87.849548 -51.433456
v -65.112465 87.191162 -52.372688
v -63.965206 87.398315 -52.603050
v -63.566856 88.184738 -51.806175
v -64.467911 88.463608 -51.083336
v -65.707977 88.207375 -52.530281
v -64.806931 87.928505 -53.253113
v -63.851696 88.542572 -52.902992
v -64.162369 89.200958 -51.963768
v -65.309624 88.993805 -51.733406
v -64.928780 89.042595 -52.858017
v -64.560287 87.314323 -50.460510
v -64.802925 88.391731 -50.298927
v -64.813225 87.966003 -51.330635
v -63.977314 87.230492 -51.408623
v -63.450405 87.201675 -50.425095
v -63.960667 87.919357 -49.739281
v -64.369919 88.973778 -51.147186
v -63.859661 88.256096 -51.833000
v -63.017395 87.783714 -51.273354
v -63.007092 88.209450 -50.241646
v -63.843006 88.944954 -50.163658
v -63.260036 88.861122 -51.111771
v -65.689598 86.990990 -51.363060
v -66.340012 87.674896 -50.467827
v -66.742012 87.674896 -51.705002
v -65.689598 87.674896 -52.469643
v -64.637192 87.674896 -51.705002
v -65.039177 87.674896 -50.467827
v -66.742012 88.781479 -51.021118
v -66.340012 88.781479 -52.258301
v -65.039177 88.781479 -52.258301
v -64.637192 88.781479 -51.021118
v -65.689598 88.781479 -50.256485
v -65.689598 89.465385 -51.363060
v -58.691422 87.263351 -78.228004
v -57.476875 88.214058 -77.518425
v -59.070465 88.301804 -76.939438
v -60.119190 88.181129 -78.269142
v -59.173702 88.018814 -79.669945
v -57.540676 88.039162 -79.205956
v -58.154007 89.719421 -77.121002
v -59.787033 89.699066 -77.584991
v -59.850834 89.524170 -79.272522
v -58.257240 89.436432 -79.851509
v -57.208519 89.557098 -78.521805
v -58.636288 90.474884 -78.562943
v -58.779228 87.349518 -78.686836
v -58.734249 87.849548 -77.609756
v -59.673477 87.191162 -77.920418
v -59.903843 87.398315 -79.067673
v -59.106964 88.184738 -79.466026
v -58.384129 88.463608 -78.564987
v -59.831070 88.207375 -77.324913
v -60.553905 87.928505 -78.225960
v -60.203785 88.542572 -79.181190
v -59.264557 89.200958 -78.870522
v -59.034195 88.993805 -77.723267
v -60.158810 89.042595 -78.104111
v -57.761303 87.314323 -78.472603
v -57.599724 88.391731 -78.229965
v -58.631432 87.966003 -78.219666
v -58.709415 87.230492 -79.055573
v -57.725887 87.201675 -79.582481
v -57.040073 87.919357 -79.072227
v -58.447979 88.973778 -78.662979
v -59.133797 88.256096 -79.173225
v -58.574146 87.783714 -80.015488
v -57.542439 88.209450 -80.025787
v -57.464451 88.944954 -79.189880
v -58.412567 88.861122 -79.772850
v -58.663857 86.990990 -77.343292
v -57.768620 87.674896 -76.692871
v -59.005798 87.674896 -76.290878
v -59.770435 87.674896 -77.343292
v -59.005798 87.674896 -78.395706
v -57.768620 87.674896 -77.993713
v -58.321911 88.781479 -76.290878
v -59.559093 88.781479 -76.692871
v -59.559093 88.781479 -77.993713
v -58.321911 88.781479 -78.395706
v -57.557274 88.781479 -77.343292
v -58.663857 89.465385 -77.343292
v -52.602680 87.263351 -78.340332
v -51.893097 88.214058 -79.554878
v -51.314106 88.301804 -77.961288
v -52.643818 88.181129 -76.912567
v -54.044613 88.018814 -77.858047
v -53.580627 88.039162 -79.491074
v -51.495678 89.719421 -78.877747
v -51.959663 89.699066 -77.244720
v -53.647194 89.524170 -77.180916
v -54.226189 89.436432 -78.774513
v -52.896473 89.557098 -79.823235
v -52.937611 90.474884 -78.395470
v -53.061504 87.349518 -78.252525
v -51.984425 87.849548 -78.297501
v -52.295094 87.191162 -77.358276
v -53.442345 87.398315 -77.127914
v -53.840702 88.184738 -77.924789
v -52.939655 88.463608 -78.647621
v -51.699589 88.207375 -77.200691
v -52.600632 87.928505 -76.477852
v -53.555859 88.542572 -76.827965
v -53.245193 89.200958 -77.767197
v -52.097942 88.993805 -77.997559
v -52.478783 89.042595 -76.872948
v -52.847275 87.314323 -79.270454
v -52.604637 88.391731 -79.432037
v -52.594334 87.966003 -78.400322
v -53.430241 87.230492 -78.322342
v -53.957153 87.201675 -79.305862
v -53.446899 87.919357 -79.991684
v -53.037647 88.973778 -78.583778
v -53.547901 88.256096 -77.897964
v -54.390163 87.783714 -78.457603
v -54.400463 88.209450 -79.489319
v -53.564556 88.944954 -79.567299
v -54.147522 88.861122 -78.619186
v -51.717964 86.990990 -78.367897
v -51.067543 87.674896 -79.263138
v -50.665558 87.674896 -78.025955
v -51.717964 87.674896 -77.261314
v -52.770374 87.674896 -78.025955
v -52.368382 87.674896 -79.263138
v -50.665558 88.781479 -78.709846
v -51.067543 88.781479 -77.472664
v -52.368382 88.781479 -77.472664
v -52.770374 88.781479 -78.709846
v -51.717964 88.781479 -79.474480
v -51.717964 89.465385 -78.367897
v -64.804886 87.263351 -78.390640
v -65.514465 88.214058 -77.176094
v -66.093452 88.301804 -78.769684
v -64.763741 88.181129 -79.818398
v -63.362946 88.018814 -78.872917
v -63.826931 88.039162 -77.239891
v -65.911880 89.719421 -77.853226
v -65.447899 89.699066 -79.486252
v -63.760365 89.524170 -79.550049
v -63.181370 89.436432 -77.956459
v -64.511093 89.557098 -76.907730
v -64.469948 90.474884 -78.335503
v -64.346054 87.349518 -78.478439
v -65.423134 87.849548 -78.433464
v -65.112465 87.191162 -79.372688
v -63.965206 87.398315 -79.603058
v -63.566856 88.184738 -78.806175
v -64.467911 88.463608 -78.083344
v -65.707977 88.207375 -79.530281
v -64.806931 87.928505 -80.253120
v -63.851696 88.542572 -79.903000
v -64.162369 89.200958 -78.963776
v -65.309624 88.993805 -78.733406
v -64.928780 89.042595 -79.858025
v -64.560287 87.314323 -77.460518
v -64.802925 88.391731 -77.298935
v -64.813225 87.966003 -78.330643
v -63.977314 87.230492 -78.408630
v -63.450405 87.201675 -77.425102
v -63.960667 87.919357 -76.739288
v -64.369919 88.973778 -78.147194
v -63.859661 88.256096 -78.833008
v -63.017395 87.783714 -78.273361
v -63.007092 88.209450 -77.241653
v -63.843006 88.944954 -77.163666
v -63.260036 88.861122 -78.111778
v -65.689598 86.990990 -78.363068
v -66.340012 87.674896 -77.467834
v -66.742012 87.674896 -78.705009
v -65.689598 87.674896 -79.469650
v -64.637192 87.674896 -78.705009
v -65.039177 87.674896 -77.467834
v -66.742012 88.781479 -78.021126
v -66.340012 88.781479 -79.258301
v -65.039177 88.781479 -79.258301
v -64.637192 88.781479 -78.021126
v -65.689598 88.781479 -77.256485
v -65.689598 89.465385 -78.363068
v -70.693703 87.263351 -78.228004
v -69.479156 88.214058 -77.518425
v -71.072754 88.301804 -76.939438
v -72.121468 88.181129 -78.269142
v -71.175980 88.018814 -79.669945
v -69.542961 88.039162 -79.205956
v -70.156288 89.719421 -77.121002
v -71.789314 89.699066 -77.584991
v -71.853111 89.524170 -79.272522
v -70.259521 89.436432 -79.851509
v -69.210808 89.557098 -78.521805
v -70.638573 90.474884 -78.562943
v -70.781509 87.349518 -78.686836
v -70.736534 87.849548 -77.609756
v -71.675766 87.191162 -77.920418
v -71.906120 87.398315 -79.067673
v -71.109245 88.184738 -79.466026
v -70.386414 88.463608 -78.564987
v -71.833351 88.207375 -77.324913
v -72.556183 87.928505 -78.225960
v -72.206062 88.542572 -79.181190
v -71.266838 89.200958 -78.870522
v -71.036476 88.993805 -77.723267
v -72.161087 89.042595 -78.104111
v -69.763580 87.314323 -78.472603
v -69.602005 88.391731 -78.229965
v -70.633713 87.966003 -78.219666
v -70.711700 87.230492 -79.055573
v -69.728172 87.201675 -79.582481
v -69.042358 87.919357 -79.072227
v -70.450264 88.973778 -78.662979
v -71.136078 88.256096 -79.173225
v -70.576424 87.783714 -80.015488
v -69.544724 88.209450 -80.025787
v -69.466736 88.944954 -79.189880
v -70.414841 88.861122 -79.772850
v -70.666130 86.990990 -77.343292
v -69.770897 87.674896 -76.692871
v -71.008080 87.674896 -76.290878
v -71.772713 87.674896 -77.343292
v -71.008080 87.674896 -78.395706
v -69.770897 87.674896 -77.993713
v -70.324188 88.781479 -76.290878
v -71.561371 88.781479 -76.692871
v -71.561371 88.781479 -77.993713
v -70.324188 88.781479 -78.395706
v -69.559555 88.781479 -77.343292
v -70.666130 89.465385 -77.343292
v -76.457184 87.263351 -78.340332
v -75.747604 88.214058 -79.554878
v -75.168610 88.301804 -77.961288
v -76.498329 88.181129 -76.912567
v -77.899117 88.018814 -77.858047
v -77.435135 88.039162 -79.491074
v -75.350182 89.719421 -78.877747
v -75.814171 89.699066 -77.244720
v -77.501701 89.524170 -77.180916
v -78.080688 89.436432 -78.774513
v -76.750977 89.557098 -79.823235
v -76.792114 90.474884 -78.395470
v -76.916016 87.349518 -78.252525
v -75.838928 87.849548 -78.297501
v -76.149605 87.191162 -77.358276
v -77.296852 87.398315 -77.127914
v -77.695206 88.184738 -77.924789
v -76.794159 88.463608 -78.647621
v -75.554092 88.207375 -77.200691
v -76.455139 87.928505 -76.477852
v -77.410370 88.542572 -76.827965
v -77.099701 89.200958 -77.767197
v -75.952446 88.993805 -77.997559
v -76.333290 89.042595 -76.872948
v -76.701775 87.314323 -79.270454
v -76.459145 88.391731 -79.432037
v -76.448837 87.966003 -78.400322
v -77.284744 87.230492 -78.322342
v -77.811661 87.201675 -79.305862
v -77.301399 87.919357 -79.991684
v -76.892151 88.973778 -78.583778
v -77.402405 88.256096 -77.897964
v -78.244667 87.783714 -78.457603
v -78.254967 88.209450 -79.489319
v -77.419060 88.944954 -79.567299
v -78.002029 88.861122 -78.619186
v -75.572472 86.990990 -78.367897
v -74.922050 87.674896 -79.263138
v -74.520058 87.674896 -78.025955
v -75.572472 87.674896 -77.261314
v -76.624878 87.674896 -78.025955
v -76.222893 87.674896 -79.263138
v -74.520058 88.781479 -78.709846
v -74.922050 88.781479 -77.472664
v -76.222893 88.781479 -77.472664
v -76.624878 88.781479 -78.709846
v -75.572472 88.781479 -79.474480
v -75.572472 89.465385 -78.367897
v -82.519180 87.263351 -78.321686
v -81.809593 88.214058 -79.536232
v -81.230606 88.301804 -77.942642
v -82.560318 88.181129 -76.893921
v -83.961113 88.018814 -77.839401
v -83.497124 88.039162 -79.472427
v -81.412178 89.719421 -78.859100
v -81.876160 89.699066 -77.226074
v -83.563690 89.524170 -77.162270
v -84.142685 89.436432 -78.755867
v -82.812965 89.557098 -79.804588
v -82.854111 90.474884 -78.376823
v -82.978004 87.349518 -78.233879
v -81.900925 87.849548 -78.278862
v -82.211594 87.191162 -77.339638
v -83.358849 87.398315 -77.109268
v -83.757195 88.184738 -77.906151
v -82.856155 88.463608 -78.628975
v -81.616081 88.207375 -77.182045
v -82.517136 87.928505 -76.459206
v -83.472359 88.542572 -76.809326
v -83.161690 89.200958 -77.748550
v -82.014442 88.993805 -77.978920
v -82.395279 89.042595 -76.854301
v -82.763771 87.314323 -79.251808
v -82.521141 88.391731 -79.413391
v -82.510834 87.966003 -78.381676
v -83.346741 87.230492 -78.303696
v -83.873657 87.201675 -79.287216
v -83.363396 87.919357 -79.973038
v -82.954147 88.973778 -78.565132
v -83.464401 88.256096 -77.879318
v -84.306664 87.783714 -78.438965
v -84.316956 88.209450 -79.470673
v -83.481049 88.944954 -79.548660
v -84.064018 88.861122 -78.600548
v -81.634460 86.990990 -78.349251
v -80.984047 87.674896 -79.244492
v -80.582054 87.674896 -78.007309
v -81.634460 87.674896 -77.242676
v -82.686874 87.674896 -78.007309
v -82.284882 87.674896 -79.244492
v -80.582054 88.781479 -78.691200
v -80.984047 88.781479 -77.454025
v -82.284882 88.781479 -77.454025
v -82.686874 88.781479 -78.691200
v -81.634460 88.781479 -79.455833
v -81.634460 89.465385 -78.349251
v -82.519180 87.263351 -65.479492
v -81.809593 88.214058 -66.694038
v -81.230606 88.301804 -65.100449
v -82.560318 88.181129 -64.051735
v -83.961113 88.018814 -64.997215
v -83.497124 88.039162 -66.630241
v -81.412178 89.719421 -66.016914
v -81.876160 89.699066 -64.383881
v -83.563690 89.524170 -64.320084
v -84.142685 89.436432 -65.913673
v -82.812965 89.557098 -66.962402
v -82.854111 90.474884 -65.534630
v -82.978004 87.349518 -65.391693
v -81.900925 87.849548 -65.436668
v -82.211594 87.191162 -64.497444
v -83.358849 87.398315 -64.267075
v -83.757195 88.184738 -65.063957
v -82.856155 88.463608 -65.786789
v -81.616081 88.207375 -64.339851
v -82.517136 87.928505 -63.617012
v -83.472359 88.542572 -63.967133
v -83.161690 89.200958 -64.906357
v -82.014442 88.993805 -65.136726
v -82.395279 89.042595 -64.012108
v -82.763771 87.314323 -66.409615
v -82.521141 88.391731 -66.571198
v -82.510834 87.966003 -65.539490
v -83.346741 87.230492 -65.461502
v -83.873657 87.201675 -66.445030
v -83.363396 87.919357 -67.130844
v -82.954147 88.973778 -65.722946
v -83.464401 88.256096 -65.037125
v -84.306664 87.783714 -65.596771
v -84.316956 88.209450 -66.628487
v -83.481049 88.944954 -66.706467
v -84.064018 88.861122 -65.758354
v -81.634460 86.990990 -65.507065
v -80.984047 87.674896 -66.402298
v -80.582054 87.674896 -65.165123
v -81.634460 87.674896 -64.400490
v -82.686874 87.674896 -65.165123
v -82.284882 87.674896 -66.402298
v -80.582054 88.781479 -65.849007
v -80.984047 88.781479 -64.611832
v -82.284882 88.781479 -64.611832
v -82.686874 88.781479 -65.849007
v -81.634460 88.781479 -66.613647
v -81.634460 89.465385 -65.507065
v -76.457184 87.263351 -65.498146
v -75.747604 88.214058 -66.712692
v -75.168610 88.301804 -65.119102
v -76.498329 88.181129 -64.070381
v -77.899117 88.018814 -65.015869
v -77.435135 88.039162 -66.648895
v -75.350182 89.719421 -66.035561
v -75.814171 89.699066 -64.402534
v -77.501701 89.524170 -64.338737
v -78.080688 89.436432 -65.932327
v -76.750977 89.557098 -66.981056
v -76.792114 90.474884 -65.553284
v -76.916016 87.349518 -65.410347
v -75.838928 87.849548 -65.455322
v -76.149605 87.191162 -64.516098
v -77.296852 87.398315 -64.285728
v -77.695206 88.184738 -65.082611
v -76.794159 88.463608 -65.805443
v -75.554092 88.207375 -64.358505
v -76.455139 87.928505 -63.635666
v -77.410370 88.542572 -63.985786
v -77.099701 89.200958 -64.925011
v -75.952446 88.993805 -65.155380
v -76.333290 89.042595 -64.030762
v -76.701775 87.314323 -66.428268
v -76.459145 88.391731 -66.589851
v -76.448837 87.966003 -65.558144
v -77.284744 87.230492 -65.480156
v -77.811661 87.201675 -66.463684
v -77.301399 87.919357 -67.149498
v -76.892151 88.973778 -65.741592
v -77.402405 88.256096 -65.055779
v -78.244667 87.783714 -65.615425
v -78.254967 88.209450 -66.647133
v -77.419060 88.944954 -66.725121
v -78.002029 88.861122 -65.777008
v -75.572472 86.990990 -65.525711
v -74.922050 87.674896 -66.420952
v -74.520058 87.674896 -65.183777
v -75.572472 87.674896 -64.419136
v -76.624878 87.674896 -65.183777
v -76.222893 87.674896 -66.420952
v -74.520058 88.781479 -65.867661
v -74.922050 88.781479 -64.630486
v -76.222893 88.781479 -64.630486
v -76.624878 88.781479 -65.867661
v -75.572472 88.781479 -66.632294
v -75.572472 89.465385 -65.525711
v -70.693703 87.263351 -65.385818
v -69.479156 88.214058 -64.676247
v -71.072754 88.301804 -64.097252
v -72.121468 88.181129 -65.426964
v -71.175980 88.018814 -66.827759
v -69.542961 88.039162 -66.363777
v -70.156288 89.719421 -64.278824
v -71.789314 89.699066 -64.742805
v -71.853111 89.524170 -66.430336
v -70.259521 89.436432 -67.009331
v -69.210808 89.557098 -65.679619
v -70.638573 90.474884 -65.720757
v -70.781509 87.349518 -65.844650
v -70.736534 87.849548 -64.767578
v -71.675766 87.191162 -65.078239
v -71.906120 87.398315 -66.225494
v -71.109245 88.184738 -66.623840
v -70.386414 88.463608 -65.722801
v -71.833351 88.207375 -64.482735
v -72.556183 87.928505 -65.383774
v -72.206062 88.542572 -66.339005
v -71.266838 89.200958 -66.028336
v -71.036476 88.993805 -64.881081
v -72.161087 89.042595 -65.261932
v -69.763580 87.314323 -65.630417
v -69.602005 88.391731 -65.387779
v -70.633713 87.966003 -65.377480
v -70.711700 87.230492 -66.213387
v -69.728172 87.201675 -66.740303
v -69.042358 87.919357 -66.230042
v -70.450264 88.973778 -65.820793
v -71.136078 88.256096 -66.331047
v -70.576424 87.783714 -67.173302
v -69.544724 88.209450 -67.183609
v -69.466736 88.944954 -66.347702
v -70.414841 88.861122 -66.930664
v -70.666130 86.990990 -64.501106
v -69.770897 87.674896 -63.850693
v -71.008080 87.674896 -63.448692
v -71.772713 87.674896 -64.501106
v -71.008080 87.674896 -65.553520
v -69.770897 87.674896 -65.151527
v -70.324188 88.781479 -63.448692
v -71.561371 88.781479 -63.850693
v -71.561371 88.781479 -65.151527
v -70.324188 88.781479 -65.553520
v -69.559555 88.781479 -64.501106
v -70.666130 89.465385 -64.501106
v -64.804886 87.263351 -65.548454
v -65.514465 88.214058 -64.333908
v -66.093452 88.301804 -65.927498
v -64.763741 88.181129 -66.976219
v -63.362946 88.018814 -66.030739
v -63.826931 88.039162 -64.397713
v -65.911880 89.719421 -65.011040
v -65.447899 89.699066 -66.644066
v -63.760365 89.524170 -66.707870
v -63.181370 89.436432 -65.114273
v -64.511093 89.557098 -64.065552
v -64.469948 90.474884 -65.493317
v -64.346054 87.349518 -65.636261
v -65.423134 87.849548 -65.591278
v -65.112465 87.191162 -66.530502
v -63.965206 87.398315 -66.760872
v -63.566856 88.184738 -65.963989
v -64.467911 88.463608 -65.241165
v -65.707977 88.207375 -66.688095
v -64.806931 87.928505 -67.410934
v -63.851696 88.542572 -67.060814
v -64.162369 89.200958 -66.121590
v -65.309624 88.993805 -65.891220
v -64.928780 89.042595 -67.015839
v -64.560287 87.314323 -64.618332
v -64.802925 88.391731 -64.456749
v -64.813225 87.966003 -65.488464
v -63.977314 87.230492 -65.566444
v -63.450405 87.201675 -64.582924
v -63.960667 87.919357 -63.897102
v -64.369919 88.973778 -65.305008
v -63.859661 88.256096 -65.990822
v -63.017395 87.783714 -65.431175
v -63.007092 88.209450 -64.399467
v -63.843006 88.944954 -64.321480
v -63.260036 88.861122 -65.269592
v -65.689598 86.990990 -65.520889
v -66.340012 87.674896 -64.625648
v -66.742012 87.674896 -65.862831
v -65.689598 87.674896 -66.627464
v -64.637192 87.674896 -65.862831
v -65.039177 87.674896 -64.625648
v -66.742012 88.781479 -65.178940
v -66.340012 88.781479 -66.416122
v -65.039177 88.781479 -66.416122
v -64.637192 88.781479 -65.178940
v -65.689598 88.781479 -64.414307
v -65.689598 89.465385 -65.520889
vn 0.1956 -0.7347 0.6496
vn 0.5930 -0.8029 0.0608
vn -0.4909 -0.7432 0.4546
vn -0.5177 -0.8168 -0.2548
vn 0.1522 -0.8536 -0.4981
vn 0.9782 -0.2071 -0.0155
vn 0.3352 -0.0966 0.9372
vn -0.7755 -0.1105 0.6216
vn -0.8189 -0.2294 -0.5261
vn 0.2650 -0.2891 -0.9199
vn 0.8189 0.2294 0.5261
vn -0.2650 0.2891 0.9199
vn -0.9782 0.2071 0.0155
vn -0.3352 0.0966 -0.9372
vn 0.7755 0.1105 -0.6216
vn 0.5177 0.8168 0.2548
vn -0.1522 0.8536 0.4981
vn -0.5930 0.8029 -0.0608
vn -0.1956 0.7347 -0.6496
vn 0.4909 0.7432 -0.4546
vn 0.4528 -0.8158 0.3598
vn 0.9314 -0.3435 0.1206
vn 0.0187 -0.9832 -0.1813
vn 0.2290 -0.6145 -0.7550
vn 0.7931 -0.2191 -0.5684
vn 0.8368 0.2668 0.4782
vn 0.0624 -0.4974 0.8653
vn -0.6399 -0.7684 -0.0102
vn -0.2997 -0.1717 -0.9385
vn 0.6129 0.4681 -0.6366
vn 0.2997 0.1717 0.9385
vn -0.6129 -0.4681 0.6366
vn -0.8368 -0.2668 -0.4782
vn -0.0624 0.4974 -0.8653
vn 0.6399 0.7684 0.0102
vn -0.2290 0.6145 0.7550
vn -0.7931 0.2191 0.5684
vn -0.9314 0.3435 -0.1206
vn -0.4528 0.8158 -0.3598
vn -0.0187 0.9832 0.1813
vn 0.1060 -0.2336 0.9665
vn 0.7349 -0.2520 0.6296
vn -0.3325 -0.6924 0.6403
vn 0.0254 -0.9945 0.1018
vn 0.6850 -0.7223 0.0952
vn 0.8522 0.3923 0.3462
vn -0.1653 0.4222 0.8913
vn -0.8748 -0.3203 0.3634
vn -0.2958 -0.8090 -0.5079
vn 0.7715 -0.3686 -0.5186
vn 0.2958 0.8090 0.5079
vn -0.7715 0.3686 0.5186
vn -0.8522 -0.3923 -0.3462
vn 0.1653 -0.4222 -0.8913
vn 0.8748 0.3203 -0.3634
vn -0.0254 0.9945 -0.1018
vn -0.6850 0.7223 -0.0952
vn -0.7349 0.2520 -0.6296
vn -0.1060 0.2336 -0.9665
vn 0.3325 0.6924 -0.6403
vn 0.1876 -0.7947 0.5774
vn 0.6071 -0.7947 -0.0000
vn -0.4911 -0.7947 0.3568
vn -0.4911 -0.7947 -0.3568
vn 0.1876 -0.7947 -0.5774
vn 0.9822 -0.1876 -0.0000
vn 0.3035 -0.1876 0.9342
vn -0.7946 -0.1876 0.5774
vn -0.7946 -0.1876 -0.5774
vn 0.3035 -0.1876 -0.9342
vn 0.7946 0.1876 0.5774
vn -0.3035 0.1876 0.9342
vn -0.9822 0.1876 -0.0000
vn -0.3035 0.1876 -0.9342
vn 0.7946 0.1876 -0.5774
vn 0.4911 0.7947 0.3568
vn -0.1876 0.7947 0.5774
vn -0.6071 0.7947 -0.0000
vn -0.1876 0.7947 -0.5774
vn 0.4911 0.7947 -0.3568
vn 0.3352 -0.0967 0.9372
vn -0.3352 0.0967 -0.9372
vn 0.7930 -0.2191 -0.5684
vn 0.0625 -0.4974 0.8653
vn 0.1876 -0.7947 0.5773
vn 0.6071 -0.7946 -0.0000
vn -0.4911 -0.7946 0.3568
vn -0.1876 0.7946 0.5774
vn -0.6399 -0.7684 -0.0103
vn -0.3325 -0.6925 0.6403
vn 0.8748 0.3203 -0.3635
vn 0.4911 0.7946 0.3568
vn -0.1876 0.7947 0.5773
vn -0.1876 0.7947 -0.5773
vn 0.4911 0.7946 -0.3568
vn 0.6496 -0.7347 -0.1956
vn 0.0608 -0.8029 -0.5930
vn 0.4546 -0.7432 0.4909
vn -0.2548 -0.8168 0.5177
vn -0.4981 -0.8536 -0.1522
vn -0.0155 -0.2070 -0.9782
vn 0.9372 -0.0966 -0.3352
vn 0.6216 -0.1105 0.7755
vn -0.5261 -0.2294 0.8189
vn -0.9199 -0.2891 -0.2650
vn 0.5261 0.2294 -0.8189
vn 0.9199 0.2891 0.2650
vn 0.0155 0.2070 0.9782
vn -0.9372 0.0966 0.3352
vn -0.6216 0.1105 -0.7755
vn 0.2548 0.8168 -0.5177
vn 0.4981 0.8536 0.1522
vn -0.0608 0.8029 0.5930
vn -0.6496 0.7347 0.1956
vn -0.4546 0.7432 -0.4909
vn 0.3598 -0.8158 -0.4528
vn 0.1206 -0.3435 -0.9314
vn -0.1813 -0.9832 -0.0187
vn -0.7550 -0.6145 -0.2290
vn -0.5684 -0.2191 -0.7930
vn 0.4782 0.2668 -0.8368
vn 0.8653 -0.4974 -0.0624
vn -0.0102 -0.7684 0.6399
vn -0.9385 -0.1717 0.2997
vn -0.6366 0.4681 -0.6129
vn 0.9385 0.1717 -0.2997
vn 0.6366 -0.4681 0.6129
vn -0.4782 -0.2668 0.8368
vn -0.8653 0.4974 0.0624
vn 0.0102 0.7684 -0.6399
vn 0.7550 0.6145 0.2290
vn 0.5684 0.2191 0.7930
vn -0.1206 0.3435 0.9314
vn -0.3598 0.8158 0.4528
vn 0.1813 0.9832 0.0187
vn 0.9665 -0.2336 -0.1060
vn 0.6296 -0.2520 -0.7349
vn 0.6403 -0.6924 0.3325
vn 0.1018 -0.9945 -0.0254
vn 0.0952 -0.7223 -0.6850
vn 0.3462 0.3923 -0.8522
vn 0.8913 0.4222 0.1653
vn 0.3634 -0.3203 0.8748
vn -0.5079 -0.8090 0.2958
vn -0.5186 -0.3686 -0.7715
vn 0.5079 0.8090 -0.2958
vn 0.5186 0.3686 0.7715
vn -0.3462 -0.3923 0.8522
vn -0.8913 -0.4222 -0.1653
vn -0.3634 0.3203 -0.8748
vn -0.1018 0.9945 0.0254
vn -0.0952 0.7223 0.6850
vn -0.6296 0.2520 0.7349
vn -0.9665 0.2336 0.1060
vn -0.6403 0.6925 -0.3325
vn 0.5774 -0.7947 -0.1876
vn -0.0000 -0.7947 -0.6071
vn 0.3568 -0.7947 0.4911
vn -0.3568 -0.7947 0.4911
vn -0.5774 -0.7947 -0.1876
vn -0.0000 -0.1876 -0.9822
vn 0.9342 -0.1876 -0.3035
vn 0.5774 -0.1876 0.7947
vn -0.5774 -0.1876 0.7947
vn -0.9342 -0.1876 -0.3035
vn 0.5774 0.1876 -0.7947
vn 0.9342 0.1876 0.3035
vn -0.0000 0.1876 0.9822
vn -0.9342 0.1876 0.3035
vn -0.5774 0.1876 -0.7947
vn 0.3568 0.7946 -0.4911
vn 0.5774 0.7947 0.1876
vn -0.0000 0.7947 0.6071
vn -0.5774 0.7947 0.1876
vn -0.3568 0.7946 -0.4911
vn -0.6496 -0.7347 0.1956
vn -0.0608 -0.8029 0.5930
vn -0.4546 -0.7432 -0.4909
vn 0.2548 -0.8168 -0.5177
vn 0.4981 -0.8536 0.1522
vn 0.0155 -0.2070 0.9782
vn -0.9372 -0.0966 0.3352
vn -0.6216 -0.1105 -0.7755
vn 0.5261 -0.2294 -0.8189
vn 0.9199 -0.2891 0.2650
vn -0.5261 0.2294 0.8189
vn -0.9199 0.2891 -0.2650
vn -0.0155 0.2070 -0.9782
vn 0.9372 0.0966 -0.3352
vn 0.6216 0.1105 0.7755
vn -0.2548 0.8168 0.5177
vn -0.4981 0.8536 -0.1522
vn 0.0608 0.8029 -0.5930
vn 0.6496 0.7347 -0.1956
vn 0.4546 0.7432 0.4909
vn -0.3598 -0.8158 0.4528
vn -0.1206 -0.3435 0.9314
vn 0.1813 -0.9832 0.0187
vn 0.7550 -0.6145 0.2290
vn 0.5684 -0.2191 0.7931
vn -0.4782 0.2668 0.8368
vn -0.8653 -0.4974 0.0624
vn 0.0102 -0.7684 -0.6399
vn 0.9385 -0.1717 -0.2997
vn 0.6366 0.4681 0.6129
vn -0.9385 0.1717 0.2997
vn -0.6366 -0.4681 -0.6129
vn 0.4782 -0.2668 -0.8368
vn 0.8653 0.4974 -0.0625
vn -0.0102 0.7684 0.6399
vn -0.7550 0.6145 -0.2290
vn -0.5684 0.2191 -0.7931
vn 0.1206 0.3435 -0.9314
vn 0.3598 0.8158 -0.4528
vn -0.1813 0.9832 -0.0187
vn -0.9665 -0.2336 0.1060
vn -0.6296 -0.2520 0.7349
vn -0.6403 -0.6924 -0.3325
vn -0.1018 -0.9945 0.0254
vn -0.0952 -0.7223 0.6850
vn -0.3462 0.3923 0.8522
vn -0.8913 0.4222 -0.1653
vn -0.3634 -0.3203 -0.8748
vn 0.5079 -0.8090 -0.2958
vn 0.5186 -0.3686 0.7715
vn -0.5079 0.8090 0.2958
vn -0.5186 0.3686 -0.7715
vn 0.3462 -0.3923 -0.8522
vn 0.8913 -0.4222 0.1653
vn 0.3634 0.3203 0.8748
vn 0.1018 0.9945 -0.0254
vn 0.0952 0.7223 -0.6850
vn 0.6296 0.2520 -0.7349
vn 0.9665 0.2336 -0.1060
vn 0.6403 0.6925 0.3325
vn -0.5774 -0.7946 0.1876
vn -0.0000 -0.7947 0.6071
vn -0.3568 -0.7947 -0.4911
vn 0.3568 -0.7947 -0.4911
vn 0.5774 -0.7947 0.1876
vn -0.0000 -0.1876 0.9822
vn -0.9342 -0.1876 0.3035
vn -0.5774 -0.1876 -0.7947
vn 0.5774 -0.1876 -0.7947
vn 0.9342 -0.1876 0.3035
vn -0.5774 0.1876 0.7946
vn -0.9342 0.1876 -0.3035
vn -0.0000 0.1876 -0.9822
vn 0.9342 0.1876 -0.3035
vn 0.5774 0.1876 0.7946
vn -0.3568 0.7946 0.4911
vn -0.5774 0.7947 -0.1876
vn -0.0000 0.7946 -0.6071
vn 0.5773 0.7947 -0.1876
vn 0.3568 0.7946 0.4911
vn 0.4546 0.7433 0.4909
vn -0.5774 -0.7947 0.1876
vn -0.5774 -0.1876 -0.7946
vn 0.5774 0.1876 0.7947
vn -0.0000 0.7947 -0.6071
vn 0.5774 0.7947 -0.1876
vn -0.7930 0.2191 0.5684
vn -0.7715 0.3685 0.5186
vn -0.7349 0.2520 -0.6297
vn 0.1876 -0.7946 -0.5774
vn -0.7947 -0.1876 0.5774
vn -0.7947 -0.1876 -0.5774
vn 0.7947 0.1876 0.5773
vn 0.7947 0.1876 -0.5773
vn -0.1876 0.7946 -0.5774
vn 0.8653 -0.4974 -0.0625
vn 0.5684 0.2191 0.7931
vn -0.0000 -0.7946 -0.6071
vn 0.5774 -0.1876 0.7946
vn 0.5774 0.1876 -0.7946
vn -0.0000 0.7946 0.6071
vn -0.3568 0.7947 -0.4911
vn -0.1956 -0.7347 -0.6496
vn -0.5930 -0.8029 -0.0608
vn 0.4909 -0.7432 -0.4546
vn 0.5177 -0.8168 0.2548
vn -0.1522 -0.8536 0.4981
vn -0.9782 -0.2071 0.0155
vn -0.3352 -0.0966 -0.9372
vn 0.7755 -0.1105 -0.6216
vn 0.8189 -0.2294 0.5261
vn -0.2650 -0.2891 0.9199
vn -0.8189 0.2294 -0.5261
vn 0.2650 0.2891 -0.9199
vn 0.9782 0.2071 -0.0155
vn 0.3352 0.0966 0.9372
vn -0.7755 0.1105 0.6216
vn -0.5177 0.8168 -0.2548
vn 0.1522 0.8536 -0.4981
vn 0.5930 0.8029 0.0608
vn 0.1956 0.7347 0.6496
vn -0.4909 0.7432 0.4546
vn -0.4528 -0.8158 -0.3598
vn -0.9314 -0.3435 -0.1206
vn -0.0187 -0.9832 0.1813
vn -0.2290 -0.6145 0.7550
vn -0.7931 -0.2191 0.5684
vn -0.8368 0.2668 -0.4782
vn -0.0624 -0.4974 -0.8653
vn 0.6399 -0.7684 0.0102
vn 0.2997 -0.1717 0.9385
vn -0.6129 0.4681 0.6366
vn -0.2997 0.1717 -0.9385
vn 0.6129 -0.4681 -0.6366
vn 0.8368 -0.2668 0.4782
vn 0.0625 0.4974 0.8653
vn -0.6399 0.7684 -0.0102
vn 0.2290 0.6145 -0.7550
vn 0.7931 0.2191 -0.5684
vn 0.9314 0.3435 0.1206
vn 0.4528 0.8158 0.3598
vn 0.0187 0.9832 -0.1813
vn -0.1060 -0.2336 -0.9665
vn -0.7349 -0.2520 -0.6296
vn 0.3325 -0.6925 -0.6403
vn -0.0254 -0.9945 -0.1018
vn -0.6850 -0.7223 -0.0952
vn -0.8522 0.3923 -0.3462
vn 0.1653 0.4222 -0.8913
vn 0.8748 -0.3203 -0.3634
vn 0.2958 -0.8090 0.5079
vn -0.7715 -0.3686 0.5186
vn -0.2958 0.8090 -0.5079
vn 0.7715 0.3686 -0.5186
vn 0.8522 -0.3923 0.3462
vn -0.1653 -0.4222 0.8913
vn -0.8748 0.3203 0.3634
vn 0.0254 0.9945 0.1018
vn 0.6850 0.7223 0.0952
vn 0.7349 0.2520 0.6296
vn 0.1060 0.2336 0.9665
vn -0.3325 0.6924 0.6403
vn -0.1876 -0.7947 -0.5773
vn -0.6071 -0.7947 -0.0000
vn 0.4911 -0.7947 -0.3568
vn 0.4911 -0.7947 0.3568
vn -0.1876 -0.7947 0.5773
vn -0.9822 -0.1876 -0.0000
vn -0.3035 -0.1876 -0.9342
vn 0.7946 -0.1876 -0.5774
vn 0.7946 -0.1876 0.5774
vn -0.3035 -0.1876 0.9342
vn -0.7947 0.1876 -0.5774
vn 0.3035 0.1876 -0.9342
vn 0.9822 0.1876 -0.0000
vn 0.3035 0.1876 0.9342
vn -0.7947 0.1876 0.5774
vn -0.4911 0.7947 -0.3568
vn 0.1876 0.7947 -0.5773
vn 0.6071 0.7947 -0.0000
vn 0.1876 0.7947 0.5773
vn -0.4911 0.7947 0.3568
vn 0.0254 -0.9945 0.1017
vn 0.1876 -0.7946 0.5774
vn -0.3352 -0.0967 -0.9372
vn -0.0625 -0.4974 -0.8653
vn 0.0624 0.4974 0.8653
vn 0.3325 -0.6924 -0.6403
vn -0.1876 -0.7947 0.5774
vn -0.4911 0.7946 -0.3568
vn 0.1876 0.7947 0.5774
vn -0.0155 -0.2071 -0.9782
vn -0.5684 -0.2191 -0.7931
vn -0.6403 0.6924 -0.3325
vn -0.5774 -0.1876 0.7946
vn -0.5774 0.1876 -0.7946
vn 0.5773 0.7947 0.1876
vn -0.5773 0.7947 0.1876
vn 0.9372 -0.0967 -0.3352
vn 0.0155 0.2071 0.9782
vn -0.9372 0.0967 0.3352
vn 0.5774 -0.7946 -0.1876
vn -0.5774 -0.7946 -0.1876
vn 0.3568 0.7947 -0.4911
vn 0.5774 0.7946 0.1876
vn -0.5774 0.7946 0.1876
vn 0.0155 -0.2071 0.9782
vn -0.9372 -0.0967 0.3352
vn 0.5261 -0.2295 -0.8189
vn -0.0155 0.2071 -0.9782
vn 0.9372 0.0967 -0.3352
vn 0.8653 0.4974 -0.0624
vn -0.5684 0.2191 -0.7930
vn -0.6403 -0.6925 -0.3325
vn 0.6403 0.6924 0.3325
vn -0.3568 -0.7946 -0.4911
vn 0.5774 -0.1876 -0.7946
vn -0.5774 0.1876 0.7947
vn -0.3568 0.7947 0.4911
vn -0.5774 0.7946 -0.1876
vn 0.5774 0.7946 -0.1876
vn 0.3568 0.7947 0.4911
vn -0.5261 -0.2295 0.8189
vn 0.6403 -0.6925 0.3325
vn 0.3325 0.6925 -0.6403
vn -0.4911 -0.7946 -0.3568
vn -0.7947 -0.1876 0.5773
vn -0.7947 -0.1876 -0.5773
vn 0.7947 0.1876 0.5774
vn 0.7947 0.1876 -0.5774
vn 0.3568 -0.7946 0.4911
vn -0.1017 -0.9945 0.0254
vn 0.1017 -0.9945 -0.0254
vn -0.3568 -0.7946 0.4911
vn 0.3462 0.3924 -0.8522
vn 0.6297 -0.2520 -0.7349
vt 0.181819 0.000000
vt 0.272728 0.157461
vt 0.090910 0.157461
vt 0.363637 0.000000
vt 0.454546 0.157461
vt 0.909091 0.000000
vt 1.000000 0.157461
vt 0.818182 0.157461
vt 0.727273 0.000000
vt 0.636364 0.157461
vt 0.545455 0.000000
vt 0.363637 0.314921
vt 0.181819 0.314921
vt 0.909091 0.314921
vt 0.727273 0.314921
vt 0.545455 0.314921
vt 0.000000 0.314921
vt 0.272728 0.472382
vt 0.090910 0.472382
vt 0.818182 0.472382
vt 0.636364 0.472382
vt 0.454546 0.472382
s 0
f 1/1/1 2/2/1 3/3/1
f 2/2/2 1/4/2 6/5/2
f 1/6/3 3/7/3 4/8/3
f 1/9/4 4/8/4 5/10/4
f 1/11/5 5/10/5 6/5/5
f 2/2/6 6/5/6 11/12/6
f 3/3/7 2/2/7 7/13/7
f 4/8/8 3/7/8 8/14/8
f 5/10/9 4/8/9 9/15/9
f 6/5/10 5/10/10 10/16/10
f 2/2/11 11/12/11 7/13/11
f 3/3/12 7/13/12 8/17/12
f 4/8/13 8/14/13 9/15/13
f 5/10/14 9/15/14 10/16/14
f 6/5/15 10/16/15 11/12/15
f 7/13/16 11/12/16 12/18/16
f 8/17/17 7/13/17 12/19/17
f 9/15/18 8/14/18 12/20/18
f 10/16/19 9/15/19 12/21/19
f 11/12/20 10/16/20 12/22/20
f 13/1/21 14/2/21 15/3/21
f 14/2/22 13/4/22 18/5/22
f 13/6/23 15/7/23 16/8/23
f 13/9/24 16/8/24 17/10/24
f 13/11/25 17/10/25 18/5/25
f 14/2/26 18/5/26 23/12/26
f 15/3/27 14/2/27 19/13/27
f 16/8/28 15/7/28 20/14/28
f 17/10/29 16/8/29 21/15/29
f 18/5/30 17/10/30 22/16/30
f 14/2/31 23/12/31 19/13/31
f 15/3/32 19/13/32 20/17/32
f 16/8/33 20/14/33 21/15/33
f 17/10/34 21/15/34 22/16/34
f 18/5/35 22/16/35 23/12/35
f 19/13/36 23/12/36 24/18/36
f 20/17/37 19/13/37 24/19/37
f 21/15/38 20/14/38 24/20/38
f 22/16/39 21/15/39 24/21/39
f 23/12/40 22/16/40 24/22/40
f 25/1/41 26/2/41 27/3/41
f 26/2/42 25/4/42 30/5/42
f 25/6/43 27/7/43 28/8/43
f 25/9/44 28/8/44 29/10/44
f 25/11/45 29/10/45 30/5/45
f 26/2/46 30/5/46 35/12/46
f 27/3/47 26/2/47 31/13/47
f 28/8/48 27/7/48 32/14/48
f 29/10/49 28/8/49 33/15/49
f 30/5/50 29/10/50 34/16/50
f 26/2/51 35/12/51 31/13/51
f 27/3/52 31/13/52 32/17/52
f 28/8/53 32/14/53 33/15/53
f 29/10/54 33/15/54 34/16/54
f 30/5/55 34/16/55 35/12/55
f 31/13/56 35/12/56 36/18/56
f 32/17/57 31/13/57 36/19/57
f 33/15/58 32/14/58 36/20/58
f 34/16/59 33/15/59 36/21/59
f 35/12/60 34/16/60 36/22/60
f 37/1/61 38/2/61 39/3/61
f 38/2/62 37/4/62 42/5/62
f 37/6/63 39/7/63 40/8/63
f 37/9/64 40/8/64 41/10/64
f 37/11/65 41/10/65 42/5/65
f 38/2/66 42/5/66 47/12/66
f 39/3/67 38/2/67 43/13/67
f 40/8/68 39/7/68 44/14/68
f 41/10/69 40/8/69 45/15/69
f 42/5/70 41/10/70 46/16/70
f 38/2/71 47/12/71 43/13/71
f 39/3/72 43/13/72 44/17/72
f 40/8/73 44/14/73 45/15/73
f 41/10/74 45/15/74 46/16/74
f 42/5/75 46/16/75 47/12/75
f 43/13/76 47/12/76 48/18/76
f 44/17/77 43/13/77 48/19/77
f 45/15/78 44/14/78 48/20/78
f 46/16/79 45/15/79 48/21/79
f 47/12/80 46/16/80 48/22/80
f 49/1/1 50/2/1 51/3/1
f 50/2/2 49/4/2 54/5/2
f 49/6/3 51/7/3 52/8/3
f 49/9/4 52/8/4 53/10/4
f 49/11/5 53/10/5 54/5/5
f 50/2/6 54/5/6 59/12/6
f 51/3/81 50/2/81 55/13/81
f 52/8/8 51/7/8 56/14/8
f 53/10/9 52/8/9 57/15/9
f 54/5/10 53/10/10 58/16/10
f 50/2/11 59/12/11 55/13/11
f 51/3/12 55/13/12 56/17/12
f 52/8/13 56/14/13 57/15/13
f 53/10/82 57/15/82 58/16/82
f 54/5/15 58/16/15 59/12/15
f 55/13/16 59/12/16 60/18/16
f 56/17/17 55/13/17 60/19/17
f 57/15/18 56/14/18 60/20/18
f 58/16/19 57/15/19 60/21/19
f 59/12/20 58/16/20 60/22/20
f 61/1/21 62/2/21 63/3/21
f 62/2/22 61/4/22 66/5/22
f 61/6/23 63/7/23 64/8/23
f 61/9/24 64/8/24 65/10/24
f 61/11/83 65/10/83 66/5/83
f 62/2/26 66/5/26 71/12/26
f 63/3/84 62/2/84 67/13/84
f 64/8/28 63/7/28 68/14/28
f 65/10/29 64/8/29 69/15/29
f 66/5/30 65/10/30 70/16/30
f 62/2/31 71/12/31 67/13/31
f 63/3/32 67/13/32 68/17/32
f 64/8/33 68/14/33 69/15/33
f 65/10/34 69/15/34 70/16/34
f 66/5/35 70/16/35 71/12/35
f 67/13/36 71/12/36 72/18/36
f 68/17/37 67/13/37 72/19/37
f 69/15/38 68/14/38 72/20/38
f 70/16/39 69/15/39 72/21/39
f 71/12/40 70/16/40 72/22/40
f 73/1/41 74/2/41 75/3/41
f 74/2/42 73/4/42 78/5/42
f 73/6/43 75/7/43 76/8/43
f 73/9/44 76/8/44 77/10/44
f 73/11/45 77/10/45 78/5/45
f 74/2/46 78/5/46 83/12/46
f 75/3/47 74/2/47 79/13/47
f 76/8/48 75/7/48 80/14/48
f 77/10/49 76/8/49 81/15/49
f 78/5/50 77/10/50 82/16/50
f 74/2/51 83/12/51 79/13/51
f 75/3/52 79/13/52 80/17/52
f 76/8/53 80/14/53 81/15/53
f 77/10/54 81/15/54 82/16/54
f 78/5/55 82/16/55 83/12/55
f 79/13/56 83/12/56 84/18/56
f 80/17/57 79/13/57 84/19/57
f 81/15/58 80/14/58 84/20/58
f 82/16/59 81/15/59 84/21/59
f 83/12/60 82/16/60 84/22/60
f 85/1/85 86/2/85 87/3/85
f 86/2/86 85/4/86 90/5/86
f 85/6/87 87/7/87 88/8/87
f 85/9/64 88/8/64 89/10/64
f 85/11/65 89/10/65 90/5/65
f 86/2/66 90/5/66 95/12/66
f 87/3/67 86/2/67 91/13/67
f 88/8/68 87/7/68 92/14/68
f 89/10/69 88/8/69 93/15/69
f 90/5/70 89/10/70 94/16/70
f 86/2/71 95/12/71 91/13/71
f 87/3/72 91/13/72 92/17/72
f 88/8/73 92/14/73 93/15/73
f 89/10/74 93/15/74 94/16/74
f 90/5/75 94/16/75 95/12/75
f 91/13/76 95/12/76 96/18/76
f 92/17/88 91/13/88 96/19/88
f 93/15/78 92/14/78 96/20/78
f 94/16/79 93/15/79 96/21/79
f 95/12/80 94/16/80 96/22/80
f 97/1/1 98/2/1 99/3/1
f 98/2/2 97/4/2 102/5/2
f 97/6/3 99/7/3 100/8/3
f 97/9/4 100/8/4 101/10/4
f 97/11/5 101/10/5 102/5/5
f 98/2/6 102/5/6 107/12/6
f 99/3/81 98/2/81 103/13/81
f 100/8/8 99/7/8 104/14/8
f 101/10/9 100/8/9 105/15/9
f 102/5/10 101/10/10 106/16/10
f 98/2/11 107/12/11 103/13/11
f 99/3/12 103/13/12 104/17/12
f 100/8/13 104/14/13 105/15/13
f 101/10/82 105/15/82 106/16/82
f 102/5/15 106/16/15 107/12/15
f 103/13/16 107/12/16 108/18/16
f 104/17/17 103/13/17 108/19/17
f 105/15/18 104/14/18 108/20/18
f 106/16/19 105/15/19 108/21/19
f 107/12/20 106/16/20 108/22/20
f 109/1/21 110/2/21 111/3/21
f 110/2/22 109/4/22 114/5/22
f 109/6/23 111/7/23 112/8/23
f 109/9/24 112/8/24 113/10/24
f 109/11/83 113/10/83 114/5/83
f 110/2/26 114/5/26 119/12/26
f 111/3/27 110/2/27 115/13/27
f 112/8/89 111/7/89 116/14/89
f 113/10/29 112/8/29 117/15/29
f 114/5/30 113/10/30 118/16/30
f 110/2/31 119/12/31 115/13/31
f 111/3/32 115/13/32 116/17/32
f 112/8/33 116/14/33 117/15/33
f 113/10/34 117/15/34 118/16/34
f 114/5/35 118/16/35 119/12/35
f 115/13/36 119/12/36 120/18/36
f 116/17/37 115/13/37 120/19/37
f 117/15/38 116/14/38 120/20/38
f 118/16/39 117/15/39 120/21/39
f 119/12/40 118/16/40 120/22/40
f 121/1/41 122/2/41 123/3/41
f 122/2/42 121/4/42 126/5/42
f 121/6/90 123/7/90 124/8/90
f 121/9/44 124/8/44 125/10/44
f 121/11/45 125/10/45 126/5/45
f 122/2/46 126/5/46 131/12/46
f 123/3/47 122/2/47 127/13/47
f 124/8/48 123/7/48 128/14/48
f 125/10/49 124/8/49 129/15/49
f 126/5/50 125/10/50 130/16/50
f 122/2/51 131/12/51 127/13/51
f 123/3/52 127/13/52 128/17/52
f 124/8/53 128/14/53 129/15/53
f 125/10/54 129/15/54 130/16/54
f 126/5/91 130/16/91 131/12/91
f 127/13/56 131/12/56 132/18/56
f 128/17/57 127/13/57 132/19/57
f 129/15/58 128/14/58 132/20/58
f 130/16/59 129/15/59 132/21/59
f 131/12/60 130/16/60 132/22/60
f 133/1/85 134/2/85 135/3/85
f 134/2/86 133/4/86 138/5/86
f 133/6/63 135/7/63 136/8/63
f 133/9/64 136/8/64 137/10/64
f 133/11/65 137/10/65 138/5/65
f 134/2/66 138/5/66 143/12/66
f 135/3/67 134/2/67 139/13/67
f 136/8/68 135/7/68 140/14/68
f 137/10/69 136/8/69 141/15/69
f 138/5/70 137/10/70 142/16/70
f 134/2/71 143/12/71 139/13/71
f 135/3/72 139/13/72 140/17/72
f 136/8/73 140/14/73 141/15/73
f 137/10/74 141/15/74 142/16/74
f 138/5/75 142/16/75 143/12/75
f 139/13/92 143/12/92 144/18/92
f 140/17/93 139/13/93 144/19/93
f 141/15/78 140/14/78 144/20/78
f 142/16/94 141/15/94 144/21/94
f 143/12/95 142/16/95 144/22/95
f 145/1/96 146/2/96 147/3/96
f 146/2/97 145/4/97 150/5/97
f 145/6/98 147/7/98 148/8/98
f 145/9/99 148/8/99 149/10/99
f 145/11/100 149/10/100 150/5/100
f 146/2/101 150/5/101 155/12/101
f 147/3/102 146/2/102 151/13/102
f 148/8/103 147/7/103 152/14/103
f 149/10/104 148/8/104 153/15/104
f 150/5/105 149/10/105 154/16/105
f 146/2/106 155/12/106 151/13/106
f 147/3/107 151/13/107 152/17/107
f 148/8/108 152/14/108 153/15/108
f 149/10/109 153/15/109 154/16/109
f 150/5/110 154/16/110 155/12/110
f 151/13/111 155/12/111 156/18/111
f 152/17/112 151/13/112 156/19/112
f 153/15/113 152/14/113 156/20/113
f 154/16/114 153/15/114 156/21/114
f 155/12/115 154/16/115 156/22/115
f 157/1/116 158/2/116 159/3/116
f 158/2/117 157/4/117 162/5/117
f 157/6/118 159/7/118 160/8/118
f 157/9/119 160/8/119 161/10/119
f 157/11/120 161/10/120 162/5/120
f 158/2/121 162/5/121 167/12/121
f 159/3/122 158/2/122 163/13/122
f 160/8/123 159/7/123 164/14/123
f 161/10/124 160/8/124 165/15/124
f 162/5/125 161/10/125 166/16/125
f 158/2/126 167/12/126 163/13/126
f 159/3/127 163/13/127 164/17/127
f 160/8/128 164/14/128 165/15/128
f 161/10/129 165/15/129 166/16/129
f 162/5/130 166/16/130 167/12/130
f 163/13/131 167/12/131 168/18/131
f 164/17/132 163/13/132 168/19/132
f 165/15/133 164/14/133 168/20/133
f 166/16/134 165/15/134 168/21/134
f 167/12/135 166/16/135 168/22/135
f 169/1/136 170/2/136 171/3/136
f 170/2/137 169/4/137 174/5/137
f 169/6/138 171/7/138 172/8/138
f 169/9/139 172/8/139 173/10/139
f 169/11/140 173/10/140 174/5/140
f 170/2/141 174/5/141 179/12/141
f 171/3/142 170/2/142 175/13/142
f 172/8/143 171/7/143 176/14/143
f 173/10/144 172/8/144 177/15/144
f 174/5/145 173/10/145 178/16/145
f 170/2/146 179/12/146 175/13/146
f 171/3/147 175/13/147 176/17/147
f 172/8/148 176/14/148 177/15/148
f 173/10/149 177/15/149 178/16/149
f 174/5/150 178/16/150 179/12/150
f 175/13/151 179/12/151 180/18/151
f 176/17/152 175/13/152 180/19/152
f 177/15/153 176/14/153 180/20/153
f 178/16/154 177/15/154 180/21/154
f 179/12/155 178/16/155 180/22/155
f 181/1/156 182/2/156 183/3/156
f 182/2/157 181/4/157 186/5/157
f 181/6/158 183/7/158 184/8/158
f 181/9/159 184/8/159 185/10/159
f 181/11/160 185/10/160 186/5/160
f 182/2/161 186/5/161 191/12/161
f 183/3/162 182/2/162 187/13/162
f 184/8/163 183/7/163 188/14/163
f 185/10/164 184/8/164 189/15/164
f 186/5/165 185/10/165 190/16/165
f 182/2/166 191/12/166 187/13/166
f 183/3/167 187/13/167 188/17/167
f 184/8/168 188/14/168 189/15/168
f 185/10/169 189/15/169 190/16/169
f 186/5/170 190/16/170 191/12/170
f 187/13/171 191/12/171 192/18/171
f 188/17/172 187/13/172 192/19/172
f 189/15/173 188/14/173 192/20/173
f 190/16/174 189/15/174 192/21/174
f 191/12/175 190/16/175 192/22/175
f 193/1/176 194/2/176 195/3/176
f 194/2/177 193/4/177 198/5/177
f 193/6/178 195/7/178 196/8/178
f 193/9/179 196/8/179 197/10/179
f 193/11/180 197/10/180 198/5/180
f 194/2/181 198/5/181 203/12/181
f 195/3/182 194/2/182 199/13/182
f 196/8/183 195/7/183 200/14/183
f 197/10/184 196/8/184 201/15/184
f 198/5/185 197/10/185 202/16/185
f 194/2/186 203/12/186 199/13/186
f 195/3/187 199/13/187 200/17/187
f 196/8/188 200/14/188 201/15/188
f 197/10/189 201/15/189 202/16/189
f 198/5/190 202/16/190 203/12/190
f 199/13/191 203/12/191 204/18/191
f 200/17/192 199/13/192 204/19/192
f 201/15/193 200/14/193 204/20/193
f 202/16/194 201/15/194 204/21/194
f 203/12/195 202/16/195 204/22/195
f 205/1/196 206/2/196 207/3/196
f 206/2/197 205/4/197 210/5/197
f 205/6/198 207/7/198 208/8/198
f 205/9/199 208/8/199 209/10/199
f 205/11/200 209/10/200 210/5/200
f 206/2/201 210/5/201 215/12/201
f 207/3/202 206/2/202 211/13/202
f 208/8/203 207/7/203 212/14/203
f 209/10/204 208/8/204 213/15/204
f 210/5/205 209/10/205 214/16/205
f 206/2/206 215/12/206 211/13/206
f 207/3/207 211/13/207 212/17/207
f 208/8/208 212/14/208 213/15/208
f 209/10/209 213/15/209 214/16/209
f 210/5/210 214/16/210 215/12/210
f 211/13/211 215/12/211 216/18/211
f 212/17/212 211/13/212 216/19/212
f 213/15/213 212/14/213 216/20/213
f 214/16/214 213/15/214 216/21/214
f 215/12/215 214/16/215 216/22/215
f 217/1/216 218/2/216 219/3/216
f 218/2/217 217/4/217 222/5/217
f 217/6/218 219/7/218 220/8/218
f 217/9/219 220/8/219 221/10/219
f 217/11/220 221/10/220 222/5/220
f 218/2/221 222/5/221 227/12/221
f 219/3/222 218/2/222 223/13/222
f 220/8/223 219/7/223 224/14/223
f 221/10/224 220/8/224 225/15/224
f 222/5/225 221/10/225 226/16/225
f 218/2/226 227/12/226 223/13/226
f 219/3/227 223/13/227 224/17/227
f 220/8/228 224/14/228 225/15/228
f 221/10/229 225/15/229 226/16/229
f 222/5/230 226/16/230 227/12/230
f 223/13/231 227/12/231 228/18/231
f 224/17/232 223/13/232 228/19/232
f 225/15/233 224/14/233 228/20/233
f 226/16/234 225/15/234 228/21/234
f 227/12/235 226/16/235 228/22/235
f 229/1/236 230/2/236 231/3/236
f 230/2/237 229/4/237 234/5/237
f 229/6/238 231/7/238 232/8/238
f 229/9/239 232/8/239 233/10/239
f 229/11/240 233/10/240 234/5/240
f 230/2/241 234/5/241 239/12/241
f 231/3/242 230/2/242 235/13/242
f 232/8/243 231/7/243 236/14/243
f 233/10/244 232/8/244 237/15/244
f 234/5/245 233/10/245 238/16/245
f 230/2/246 239/12/246 235/13/246
f 231/3/247 235/13/247 236/17/247
f 232/8/248 236/14/248 237/15/248
f 233/10/249 237/15/249 238/16/249
f 234/5/250 238/16/250 239/12/250
f 235/13/251 239/12/251 240/18/251
f 236/17/252 235/13/252 240/19/252
f 237/15/253 236/14/253 240/20/253
f 238/16/254 237/15/254 240/21/254
f 239/12/255 238/16/255 240/22/255
f 241/1/176 242/2/176 243/3/176
f 242/2/177 241/4/177 246/5/177
f 241/6/178 243/7/178 244/8/178
f 241/9/179 244/8/179 245/10/179
f 241/11/180 245/10/180 246/5/180
f 242/2/181 246/5/181 251/12/181
f 243/3/182 242/2/182 247/13/182
f 244/8/183 243/7/183 248/14/183
f 245/10/184 244/8/184 249/15/184
f 246/5/185 245/10/185 250/16/185
f 242/2/186 251/12/186 247/13/186
f 243/3/187 247/13/187 248/17/187
f 244/8/188 248/14/188 249/15/188
f 245/10/189 249/15/189 250/16/189
f 246/5/190 250/16/190 251/12/190
f 247/13/191 251/12/191 252/18/191
f 248/17/192 247/13/192 252/19/192
f 249/15/193 248/14/193 252/20/193
f 250/16/194 249/15/194 252/21/194
f 251/12/256 250/16/256 252/22/256
f 253/1/196 254/2/196 255/3/196
f 254/2/197 253/4/197 258/5/197
f 253/6/198 255/7/198 256/8/198
f 253/9/199 256/8/199 257/10/199
f 253/11/200 257/10/200 258/5/200
f 254/2/201 258/5/201 263/12/201
f 255/3/202 254/2/202 259/13/202
f 256/8/203 255/7/203 260/14/203
f 257/10/204 256/8/204 261/15/204
f 258/5/205 257/10/205 262/16/205
f 254/2/206 263/12/206 259/13/206
f 255/3/207 259/13/207 260/17/207
f 256/8/208 260/14/208 261/15/208
f 257/10/209 261/15/209 262/16/209
f 258/5/210 262/16/210 263/12/210
f 259/13/211 263/12/211 264/18/211
f 260/17/212 259/13/212 264/19/212
f 261/15/213 260/14/213 264/20/213
f 262/16/214 261/15/214 264/21/214
f 263/12/215 262/16/215 264/22/215
f 265/1/216 266/2/216 267/3/216
f 266/2/217 265/4/217 270/5/217
f 265/6/218 267/7/218 268/8/218
f 265/9/219 268/8/219 269/10/219
f 265/11/220 269/10/220 270/5/220
f 266/2/221 270/5/221 275/12/221
f 267/3/222 266/2/222 271/13/222
f 268/8/223 267/7/223 272/14/223
f 269/10/224 268/8/224 273/15/224
f 270/5/225 269/10/225 274/16/225
f 266/2/226 275/12/226 271/13/226
f 267/3/227 271/13/227 272/17/227
f 268/8/228 272/14/228 273/15/228
f 269/10/229 273/15/229 274/16/229
f 270/5/230 274/16/230 275/12/230
f 271/13/231 275/12/231 276/18/231
f 272/17/232 271/13/232 276/19/232
f 273/15/233 272/14/233 276/20/233
f 274/16/234 273/15/234 276/21/234
f 275/12/235 274/16/235 276/22/235
f 277/1/257 278/2/257 279/3/257
f 278/2/237 277/4/237 282/5/237
f 277/6/238 279/7/238 280/8/238
f 277/9/239 280/8/239 281/10/239
f 277/11/240 281/10/240 282/5/240
f 278/2/241 282/5/241 287/12/241
f 279/3/242 278/2/242 283/13/242
f 280/8/258 279/7/258 284/14/258
f 281/10/244 280/8/244 285/15/244
f 282/5/245 281/10/245 286/16/245
f 278/2/246 287/12/246 283/13/246
f 279/3/247 283/13/247 284/17/247
f 280/8/248 284/14/248 285/15/248
f 281/10/249 285/15/249 286/16/249
f 282/5/259 286/16/259 287/12/259
f 283/13/251 287/12/251 288/18/251
f 284/17/252 283/13/252 288/19/252
f 285/15/260 284/14/260 288/20/260
f 286/16/261 285/15/261 288/21/261
f 287/12/255 286/16/255 288/22/255
f 289/1/1 290/2/1 291/3/1
f 290/2/2 289/4/2 294/5/2
f 289/6/3 291/7/3 292/8/3
f 289/9/4 292/8/4 293/10/4
f 289/11/5 293/10/5 294/5/5
f 290/2/6 294/5/6 299/12/6
f 291/3/81 290/2/81 295/13/81
f 292/8/8 291/7/8 296/14/8
f 293/10/9 292/8/9 297/15/9
f 294/5/10 293/10/10 298/16/10
f 290/2/11 299/12/11 295/13/11
f 291/3/12 295/13/12 296/17/12
f 292/8/13 296/14/13 297/15/13
f 293/10/82 297/15/82 298/16/82
f 294/5/15 298/16/15 299/12/15
f 295/13/16 299/12/16 300/18/16
f 296/17/17 295/13/17 300/19/17
f 297/15/18 296/14/18 300/20/18
f 298/16/19 297/15/19 300/21/19
f 299/12/20 298/16/20 300/22/20
f 301/1/21 302/2/21 303/3/21
f 302/2/22 301/4/22 306/5/22
f 301/6/23 303/7/23 304/8/23
f 301/9/24 304/8/24 305/10/24
f 301/11/83 305/10/83 306/5/83
f 302/2/26 306/5/26 311/12/26
f 303/3/84 302/2/84 307/13/84
f 304/8/28 303/7/28 308/14/28
f 305/10/29 304/8/29 309/15/29
f 306/5/30 305/10/30 310/16/30
f 302/2/31 311/12/31 307/13/31
f 303/3/32 307/13/32 308/17/32
f 304/8/33 308/14/33 309/15/33
f 305/10/34 309/15/34 310/16/34
f 306/5/35 310/16/35 311/12/35
f 307/13/36 311/12/36 312/18/36
f 308/17/262 307/13/262 312/19/262
f 309/15/38 308/14/38 312/20/38
f 310/16/39 309/15/39 312/21/39
f 311/12/40 310/16/40 312/22/40
f 313/1/41 314/2/41 315/3/41
f 314/2/42 313/4/42 318/5/42
f 313/6/43 315/7/43 316/8/43
f 313/9/44 316/8/44 317/10/44
f 313/11/45 317/10/45 318/5/45
f 314/2/46 318/5/46 323/12/46
f 315/3/47 314/2/47 319/13/47
f 316/8/48 315/7/48 320/14/48
f 317/10/49 316/8/49 321/15/49
f 318/5/50 317/10/50 322/16/50
f 314/2/51 323/12/51 319/13/51
f 315/3/263 319/13/263 320/17/263
f 316/8/53 320/14/53 321/15/53
f 317/10/54 321/15/54 322/16/54
f 318/5/55 322/16/55 323/12/55
f 319/13/56 323/12/56 324/18/56
f 320/17/57 319/13/57 324/19/57
f 321/15/264 320/14/264 324/20/264
f 322/16/59 321/15/59 324/21/59
f 323/12/60 322/16/60 324/22/60
f 325/1/61 326/2/61 327/3/61
f 326/2/86 325/4/86 330/5/86
f 325/6/63 327/7/63 328/8/63
f 325/9/64 328/8/64 329/10/64
f 325/11/265 329/10/265 330/5/265
f 326/2/66 330/5/66 335/12/66
f 327/3/67 326/2/67 331/13/67
f 328/8/266 327/7/266 332/14/266
f 329/10/267 328/8/267 333/15/267
f 330/5/70 329/10/70 334/16/70
f 326/2/268 335/12/268 331/13/268
f 327/3/72 331/13/72 332/17/72
f 328/8/73 332/14/73 333/15/73
f 329/10/74 333/15/74 334/16/74
f 330/5/269 334/16/269 335/12/269
f 331/13/76 335/12/76 336/18/76
f 332/17/77 331/13/77 336/19/77
f 333/15/78 332/14/78 336/20/78
f 334/16/270 333/15/270 336/21/270
f 335/12/80 334/16/80 336/22/80
f 337/1/96 338/2/96 339/3/96
f 338/2/97 337/4/97 342/5/97
f 337/6/98 339/7/98 340/8/98
f 337/9/99 340/8/99 341/10/99
f 337/11/100 341/10/100 342/5/100
f 338/2/101 342/5/101 347/12/101
f 339/3/102 338/2/102 343/13/102
f 340/8/103 339/7/103 344/14/103
f 341/10/104 340/8/104 345/15/104
f 342/5/105 341/10/105 346/16/105
f 338/2/106 347/12/106 343/13/106
f 339/3/107 343/13/107 344/17/107
f 340/8/108 344/14/108 345/15/108
f 341/10/109 345/15/109 346/16/109
f 342/5/110 346/16/110 347/12/110
f 343/13/111 347/12/111 348/18/111
f 344/17/112 343/13/112 348/19/112
f 345/15/113 344/14/113 348/20/113
f 346/16/114 345/15/114 348/21/114
f 347/12/115 346/16/115 348/22/115
f 349/1/116 350/2/116 351/3/116
f 350/2/117 349/4/117 354/5/117
f 349/6/118 351/7/118 352/8/118
f 349/9/119 352/8/119 353/10/119
f 349/11/120 353/10/120 354/5/120
f 350/2/121 354/5/121 359/12/121
f 351/3/271 350/2/271 355/13/271
f 352/8/123 351/7/123 356/14/123
f 353/10/124 352/8/124 357/15/124
f 354/5/125 353/10/125 358/16/125
f 350/2/126 359/12/126 355/13/126
f 351/3/127 355/13/127 356/17/127
f 352/8/128 356/14/128 357/15/128
f 353/10/129 357/15/129 358/16/129
f 354/5/130 358/16/130 359/12/130
f 355/13/131 359/12/131 360/18/131
f 356/17/272 355/13/272 360/19/272
f 357/15/133 356/14/133 360/20/133
f 358/16/134 357/15/134 360/21/134
f 359/12/135 358/16/135 360/22/135
f 361/1/136 362/2/136 363/3/136
f 362/2/137 361/4/137 366/5/137
f 361/6/138 363/7/138 364/8/138
f 361/9/139 364/8/139 365/10/139
f 361/11/140 365/10/140 366/5/140
f 362/2/141 366/5/141 371/12/141
f 363/3/142 362/2/142 367/13/142
f 364/8/143 363/7/143 368/14/143
f 365/10/144 364/8/144 369/15/144
f 366/5/145 365/10/145 370/16/145
f 362/2/146 371/12/146 367/13/146
f 363/3/147 367/13/147 368/17/147
f 364/8/148 368/14/148 369/15/148
f 365/10/149 369/15/149 370/16/149
f 366/5/150 370/16/150 371/12/150
f 367/13/151 371/12/151 372/18/151
f 368/17/152 367/13/152 372/19/152
f 369/15/153 368/14/153 372/20/153
f 370/16/154 369/15/154 372/21/154
f 371/12/155 370/16/155 372/22/155
f 373/1/156 374/2/156 375/3/156
f 374/2/273 373/4/273 378/5/273
f 373/6/158 375/7/158 376/8/158
f 373/9/159 376/8/159 377/10/159
f 373/11/160 377/10/160 378/5/160
f 374/2/161 378/5/161 383/12/161
f 375/3/162 374/2/162 379/13/162
f 376/8/274 375/7/274 380/14/274
f 377/10/164 376/8/164 381/15/164
f 378/5/165 377/10/165 382/16/165
f 374/2/275 383/12/275 379/13/275
f 375/3/167 379/13/167 380/17/167
f 376/8/168 380/14/168 381/15/168
f 377/10/169 381/15/169 382/16/169
f 378/5/170 382/16/170 383/12/170
f 379/13/171 383/12/171 384/18/171
f 380/17/172 379/13/172 384/19/172
f 381/15/276 380/14/276 384/20/276
f 382/16/174 381/15/174 384/21/174
f 383/12/277 382/16/277 384/22/277
f 385/1/278 386/2/278 387/3/278
f 386/2/279 385/4/279 390/5/279
f 385/6/280 387/7/280 388/8/280
f 385/9/281 388/8/281 389/10/281
f 385/11/282 389/10/282 390/5/282
f 386/2/283 390/5/283 395/12/283
f 387/3/284 386/2/284 391/13/284
f 388/8/285 387/7/285 392/14/285
f 389/10/286 388/8/286 393/15/286
f 390/5/287 389/10/287 394/16/287
f 386/2/288 395/12/288 391/13/288
f 387/3/289 391/13/289 392/17/289
f 388/8/290 392/14/290 393/15/290
f 389/10/291 393/15/291 394/16/291
f 390/5/292 394/16/292 395/12/292
f 391/13/293 395/12/293 396/18/293
f 392/17/294 391/13/294 396/19/294
f 393/15/295 392/14/295 396/20/295
f 394/16/296 393/15/296 396/21/296
f 395/12/297 394/16/297 396/22/297
f 397/1/298 398/2/298 399/3/298
f 398/2/299 397/4/299 402/5/299
f 397/6/300 399/7/300 400/8/300
f 397/9/301 400/8/301 401/10/301
f 397/11/302 401/10/302 402/5/302
f 398/2/303 402/5/303 407/12/303
f 399/3/304 398/2/304 403/13/304
f 400/8/305 399/7/305 404/14/305
f 401/10/306 400/8/306 405/15/306
f 402/5/307 401/10/307 406/16/307
f 398/2/308 407/12/308 403/13/308
f 399/3/309 403/13/309 404/17/309
f 400/8/310 404/14/310 405/15/310
f 401/10/311 405/15/311 406/16/311
f 402/5/312 406/16/312 407/12/312
f 403/13/313 407/12/313 408/18/313
f 404/17/314 403/13/314 408/19/314
f 405/15/315 404/14/315 408/20/315
f 406/16/316 405/15/316 408/21/316
f 407/12/317 406/16/317 408/22/317
f 409/1/318 410/2/318 411/3/318
f 410/2/319 409/4/319 414/5/319
f 409/6/320 411/7/320 412/8/320
f 409/9/321 412/8/321 413/10/321
f 409/11/322 413/10/322 414/5/322
f 410/2/323 414/5/323 419/12/323
f 411/3/324 410/2/324 415/13/324
f 412/8/325 411/7/325 416/14/325
f 413/10/326 412/8/326 417/15/326
f 414/5/327 413/10/327 418/16/327
f 410/2/328 419/12/328 415/13/328
f 411/3/329 415/13/329 416/17/329
f 412/8/330 416/14/330 417/15/330
f 413/10/331 417/15/331 418/16/331
f 414/5/332 418/16/332 419/12/332
f 415/13/333 419/12/333 420/18/333
f 416/17/334 415/13/334 420/19/334
f 417/15/335 416/14/335 420/20/335
f 418/16/336 417/15/336 420/21/336
f 419/12/337 418/16/337 420/22/337
f 421/1/338 422/2/338 423/3/338
f 422/2/339 421/4/339 426/5/339
f 421/6/340 423/7/340 424/8/340
f 421/9/341 424/8/341 425/10/341
f 421/11/342 425/10/342 426/5/342
f 422/2/343 426/5/343 431/12/343
f 423/3/344 422/2/344 427/13/344
f 424/8/345 423/7/345 428/14/345
f 425/10/346 424/8/346 429/15/346
f 426/5/347 425/10/347 430/16/347
f 422/2/348 431/12/348 427/13/348
f 423/3/349 427/13/349 428/17/349
f 424/8/350 428/14/350 429/15/350
f 425/10/351 429/15/351 430/16/351
f 426/5/352 430/16/352 431/12/352
f 427/13/353 431/12/353 432/18/353
f 428/17/354 427/13/354 432/19/354
f 429/15/355 428/14/355 432/20/355
f 430/16/356 429/15/356 432/21/356
f 431/12/357 430/16/357 432/22/357
f 433/1/1 434/2/1 435/3/1
f 434/2/2 433/4/2 438/5/2
f 433/6/3 435/7/3 436/8/3
f 433/9/4 436/8/4 437/10/4
f 433/11/5 437/10/5 438/5/5
f 434/2/6 438/5/6 443/12/6
f 435/3/81 434/2/81 439/13/81
f 436/8/8 435/7/8 440/14/8
f 437/10/9 436/8/9 441/15/9
f 438/5/10 437/10/10 442/16/10
f 434/2/11 443/12/11 439/13/11
f 435/3/12 439/13/12 440/17/12
f 436/8/13 440/14/13 441/15/13
f 437/10/82 441/15/82 442/16/82
f 438/5/15 442/16/15 443/12/15
f 439/13/16 443/12/16 444/18/16
f 440/17/17 439/13/17 444/19/17
f 441/15/18 440/14/18 444/20/18
f 442/16/19 441/15/19 444/21/19
f 443/12/20 442/16/20 444/22/20
f 445/1/21 446/2/21 447/3/21
f 446/2/22 445/4/22 450/5/22
f 445/6/23 447/7/23 448/8/23
f 445/9/24 448/8/24 449/10/24
f 445/11/83 449/10/83 450/5/83
f 446/2/26 450/5/26 455/12/26
f 447/3/27 446/2/27 451/13/27
f 448/8/89 447/7/89 452/14/89
f 449/10/29 448/8/29 453/15/29
f 450/5/30 449/10/30 454/16/30
f 446/2/31 455/12/31 451/13/31
f 447/3/32 451/13/32 452/17/32
f 448/8/33 452/14/33 453/15/33
f 449/10/34 453/15/34 454/16/34
f 450/5/35 454/16/35 455/12/35
f 451/13/36 455/12/36 456/18/36
f 452/17/37 451/13/37 456/19/37
f 453/15/38 452/14/38 456/20/38
f 454/16/39 453/15/39 456/21/39
f 455/12/40 454/16/40 456/22/40
f 457/1/41 458/2/41 459/3/41
f 458/2/42 457/4/42 462/5/42
f 457/6/43 459/7/43 460/8/43
f 457/9/358 460/8/358 461/10/358
f 457/11/45 461/10/45 462/5/45
f 458/2/46 462/5/46 467/12/46
f 459/3/47 458/2/47 463/13/47
f 460/8/48 459/7/48 464/14/48
f 461/10/49 460/8/49 465/15/49
f 462/5/50 461/10/50 466/16/50
f 458/2/51 467/12/51 463/13/51
f 459/3/52 463/13/52 464/17/52
f 460/8/53 464/14/53 465/15/53
f 461/10/54 465/15/54 466/16/54
f 462/5/55 466/16/55 467/12/55
f 463/13/56 467/12/56 468/18/56
f 464/17/57 463/13/57 468/19/57
f 465/15/58 464/14/58 468/20/58
f 466/16/59 465/15/59 468/21/59
f 467/12/60 466/16/60 468/22/60
f 469/1/61 470/2/61 471/3/61
f 470/2/62 469/4/62 474/5/62
f 469/6/63 471/7/63 472/8/63
f 469/9/64 472/8/64 473/10/64
f 469/11/65 473/10/65 474/5/65
f 470/2/66 474/5/66 479/12/66
f 471/3/67 470/2/67 475/13/67
f 472/8/68 471/7/68 476/14/68
f 473/10/69 472/8/69 477/15/69
f 474/5/70 473/10/70 478/16/70
f 470/2/71 479/12/71 475/13/71
f 471/3/72 475/13/72 476/17/72
f 472/8/73 476/14/73 477/15/73
f 473/10/74 477/15/74 478/16/74
f 474/5/75 478/16/75 479/12/75
f 475/13/92 479/12/92 480/18/92
f 476/17/93 475/13/93 480/19/93
f 477/15/78 476/14/78 480/20/78
f 478/16/94 477/15/94 480/21/94
f 479/12/80 478/16/80 480/22/80
f 481/1/1 482/2/1 483/3/1
f 482/2/2 481/4/2 486/5/2
f 481/6/3 483/7/3 484/8/3
f 481/9/4 484/8/4 485/10/4
f 481/11/5 485/10/5 486/5/5
f 482/2/6 486/5/6 491/12/6
f 483/3/81 482/2/81 487/13/81
f 484/8/8 483/7/8 488/14/8
f 485/10/9 484/8/9 489/15/9
f 486/5/10 485/10/10 490/16/10
f 482/2/11 491/12/11 487/13/11
f 483/3/12 487/13/12 488/17/12
f 484/8/13 488/14/13 489/15/13
f 485/10/14 489/15/14 490/16/14
f 486/5/15 490/16/15 491/12/15
f 487/13/16 491/12/16 492/18/16
f 488/17/17 487/13/17 492/19/17
f 489/15/18 488/14/18 492/20/18
f 490/16/19 489/15/19 492/21/19
f 491/12/20 490/16/20 492/22/20
f 493/1/21 494/2/21 495/3/21
f 494/2/22 493/4/22 498/5/22
f 493/6/23 495/7/23 496/8/23
f 493/9/24 496/8/24 497/10/24
f 493/11/83 497/10/83 498/5/83
f 494/2/26 498/5/26 503/12/26
f 495/3/27 494/2/27 499/13/27
f 496/8/89 495/7/89 500/14/89
f 497/10/29 496/8/29 501/15/29
f 498/5/30 497/10/30 502/16/30
f 494/2/31 503/12/31 499/13/31
f 495/3/32 499/13/32 500/17/32
f 496/8/33 500/14/33 501/15/33
f 497/10/34 501/15/34 502/16/34
f 498/5/35 502/16/35 503/12/35
f 499/13/36 503/12/36 504/18/36
f 500/17/37 499/13/37 504/19/37
f 501/15/38 500/14/38 504/20/38
f 502/16/39 501/15/39 504/21/39
f 503/12/40 502/16/40 504/22/40
f 505/1/41 506/2/41 507/3/41
f 506/2/42 505/4/42 510/5/42
f 505/6/43 507/7/43 508/8/43
f 505/9/358 508/8/358 509/10/358
f 505/11/45 509/10/45 510/5/45
f 506/2/46 510/5/46 515/12/46
f 507/3/47 506/2/47 511/13/47
f 508/8/48 507/7/48 512/14/48
f 509/10/49 508/8/49 513/15/49
f 510/5/50 509/10/50 514/16/50
f 506/2/51 515/12/51 511/13/51
f 507/3/52 511/13/52 512/17/52
f 508/8/53 512/14/53 513/15/53
f 509/10/54 513/15/54 514/16/54
f 510/5/55 514/16/55 515/12/55
f 511/13/56 515/12/56 516/18/56
f 512/17/57 511/13/57 516/19/57
f 513/15/58 512/14/58 516/20/58
f 514/16/59 513/15/59 516/21/59
f 515/12/60 514/16/60 516/22/60
f 517/1/359 518/2/359 519/3/359
f 518/2/62 517/4/62 522/5/62
f 517/6/63 519/7/63 520/8/63
f 517/9/64 520/8/64 521/10/64
f 517/11/265 521/10/265 522/5/265
f 518/2/66 522/5/66 527/12/66
f 519/3/67 518/2/67 523/13/67
f 520/8/68 519/7/68 524/14/68
f 521/10/69 520/8/69 525/15/69
f 522/5/70 521/10/70 526/16/70
f 518/2/71 527/12/71 523/13/71
f 519/3/72 523/13/72 524/17/72
f 520/8/73 524/14/73 525/15/73
f 521/10/74 525/15/74 526/16/74
f 522/5/75 526/16/75 527/12/75
f 523/13/76 527/12/76 528/18/76
f 524/17/77 523/13/77 528/19/77
f 525/15/78 524/14/78 528/20/78
f 526/16/79 525/15/79 528/21/79
f 527/12/95 526/16/95 528/22/95
f 529/1/278 530/2/278 531/3/278
f 530/2/279 529/4/279 534/5/279
f 529/6/280 531/7/280 532/8/280
f 529/9/281 532/8/281 533/10/281
f 529/11/282 533/10/282 534/5/282
f 530/2/283 534/5/283 539/12/283
f 531/3/360 530/2/360 535/13/360
f 532/8/285 531/7/285 536/14/285
f 533/10/286 532/8/286 537/15/286
f 534/5/287 533/10/287 538/16/287
f 530/2/288 539/12/288 535/13/288
f 531/3/289 535/13/289 536/17/289
f 532/8/290 536/14/290 537/15/290
f 533/10/291 537/15/291 538/16/291
f 534/5/292 538/16/292 539/12/292
f 535/13/293 539/12/293 540/18/293
f 536/17/294 535/13/294 540/19/294
f 537/15/295 536/14/295 540/20/295
f 538/16/296 537/15/296 540/21/296
f 539/12/297 538/16/297 540/22/297
f 541/1/298 542/2/298 543/3/298
f 542/2/299 541/4/299 546/5/299
f 541/6/300 543/7/300 544/8/300
f 541/9/301 544/8/301 545/10/301
f 541/11/302 545/10/302 546/5/302
f 542/2/303 546/5/303 551/12/303
f 543/3/361 542/2/361 547/13/361
f 544/8/305 543/7/305 548/14/305
f 545/10/306 544/8/306 549/15/306
f 546/5/307 545/10/307 550/16/307
f 542/2/308 551/12/308 547/13/308
f 543/3/309 547/13/309 548/17/309
f 544/8/310 548/14/310 549/15/310
f 545/10/362 549/15/362 550/16/362
f 546/5/312 550/16/312 551/12/312
f 547/13/313 551/12/313 552/18/313
f 548/17/314 547/13/314 552/19/314
f 549/15/315 548/14/315 552/20/315
f 550/16/316 549/15/316 552/21/316
f 551/12/317 550/16/317 552/22/317
f 553/1/318 554/2/318 555/3/318
f 554/2/319 553/4/319 558/5/319
f 553/6/363 555/7/363 556/8/363
f 553/9/321 556/8/321 557/10/321
f 553/11/322 557/10/322 558/5/322
f 554/2/323 558/5/323 563/12/323
f 555/3/324 554/2/324 559/13/324
f 556/8/325 555/7/325 560/14/325
f 557/10/326 556/8/326 561/15/326
f 558/5/327 557/10/327 562/16/327
f 554/2/328 563/12/328 559/13/328
f 555/3/329 559/13/329 560/17/329
f 556/8/330 560/14/330 561/15/330
f 557/10/331 561/15/331 562/16/331
f 558/5/332 562/16/332 563/12/332
f 559/13/333 563/12/333 564/18/333
f 560/17/334 559/13/334 564/19/334
f 561/15/335 560/14/335 564/20/335
f 562/16/336 561/15/336 564/21/336
f 563/12/337 562/16/337 564/22/337
f 565/1/338 566/2/338 567/3/338
f 566/2/339 565/4/339 570/5/339
f 565/6/340 567/7/340 568/8/340
f 565/9/341 568/8/341 569/10/341
f 565/11/364 569/10/364 570/5/364
f 566/2/343 570/5/343 575/12/343
f 567/3/344 566/2/344 571/13/344
f 568/8/345 567/7/345 572/14/345
f 569/10/346 568/8/346 573/15/346
f 570/5/347 569/10/347 574/16/347
f 566/2/348 575/12/348 571/13/348
f 567/3/349 571/13/349 572/17/349
f 568/8/350 572/14/350 573/15/350
f 569/10/351 573/15/351 574/16/351
f 570/5/352 574/16/352 575/12/352
f 571/13/365 575/12/365 576/18/365
f 572/17/354 571/13/354 576/19/354
f 573/15/355 572/14/355 576/20/355
f 574/16/366 573/15/366 576/21/366
f 575/12/357 574/16/357 576/22/357
f 577/1/96 578/2/96 579/3/96
f 578/2/97 577/4/97 582/5/97
f 577/6/98 579/7/98 580/8/98
f 577/9/99 580/8/99 581/10/99
f 577/11/100 581/10/100 582/5/100
f 578/2/367 582/5/367 587/12/367
f 579/3/102 578/2/102 583/13/102
f 580/8/103 579/7/103 584/14/103
f 581/10/104 580/8/104 585/15/104
f 582/5/105 581/10/105 586/16/105
f 578/2/106 587/12/106 583/13/106
f 579/3/107 583/13/107 584/17/107
f 580/8/108 584/14/108 585/15/108
f 581/10/109 585/15/109 586/16/109
f 582/5/110 586/16/110 587/12/110
f 583/13/111 587/12/111 588/18/111
f 584/17/112 583/13/112 588/19/112
f 585/15/113 584/14/113 588/20/113
f 586/16/114 585/15/114 588/21/114
f 587/12/115 586/16/115 588/22/115
f 589/1/116 590/2/116 591/3/116
f 590/2/117 589/4/117 594/5/117
f 589/6/118 591/7/118 592/8/118
f 589/9/119 592/8/119 593/10/119
f 589/11/368 593/10/368 594/5/368
f 590/2/121 594/5/121 599/12/121
f 591/3/122 590/2/122 595/13/122
f 592/8/123 591/7/123 596/14/123
f 593/10/124 592/8/124 597/15/124
f 594/5/125 593/10/125 598/16/125
f 590/2/126 599/12/126 595/13/126
f 591/3/127 595/13/127 596/17/127
f 592/8/128 596/14/128 597/15/128
f 593/10/129 597/15/129 598/16/129
f 594/5/130 598/16/130 599/12/130
f 595/13/131 599/12/131 600/18/131
f 596/17/132 595/13/132 600/19/132
f 597/15/133 596/14/133 600/20/133
f 598/16/134 597/15/134 600/21/134
f 599/12/135 598/16/135 600/22/135
f 601/1/136 602/2/136 603/3/136
f 602/2/137 601/4/137 606/5/137
f 601/6/138 603/7/138 604/8/138
f 601/9/139 604/8/139 605/10/139
f 601/11/140 605/10/140 606/5/140
f 602/2/141 606/5/141 611/12/141
f 603/3/142 602/2/142 607/13/142
f 604/8/143 603/7/143 608/14/143
f 605/10/144 604/8/144 609/15/144
f 606/5/145 605/10/145 610/16/145
f 602/2/146 611/12/146 607/13/146
f 603/3/147 607/13/147 608/17/147
f 604/8/148 608/14/148 609/15/148
f 605/10/149 609/15/149 610/16/149
f 606/5/150 610/16/150 611/12/150
f 607/13/151 611/12/151 612/18/151
f 608/17/152 607/13/152 612/19/152
f 609/15/153 608/14/153 612/20/153
f 610/16/154 609/15/154 612/21/154
f 611/12/369 610/16/369 612/22/369
f 613/1/156 614/2/156 615/3/156
f 614/2/157 613/4/157 618/5/157
f 613/6/158 615/7/158 616/8/158
f 613/9/159 616/8/159 617/10/159
f 613/11/160 617/10/160 618/5/160
f 614/2/161 618/5/161 623/12/161
f 615/3/162 614/2/162 619/13/162
f 616/8/163 615/7/163 620/14/163
f 617/10/370 616/8/370 621/15/370
f 618/5/165 617/10/165 622/16/165
f 614/2/166 623/12/166 619/13/166
f 615/3/167 619/13/167 620/17/167
f 616/8/168 620/14/168 621/15/168
f 617/10/169 621/15/169 622/16/169
f 618/5/371 622/16/371 623/12/371
f 619/13/171 623/12/171 624/18/171
f 620/17/372 619/13/372 624/19/372
f 621/15/173 620/14/173 624/20/173
f 622/16/373 621/15/373 624/21/373
f 623/12/175 622/16/175 624/22/175
f 625/1/96 626/2/96 627/3/96
f 626/2/97 625/4/97 630/5/97
f 625/6/98 627/7/98 628/8/98
f 625/9/99 628/8/99 629/10/99
f 625/11/100 629/10/100 630/5/100
f 626/2/367 630/5/367 635/12/367
f 627/3/374 626/2/374 631/13/374
f 628/8/103 627/7/103 632/14/103
f 629/10/104 628/8/104 633/15/104
f 630/5/105 629/10/105 634/16/105
f 626/2/106 635/12/106 631/13/106
f 627/3/107 631/13/107 632/17/107
f 628/8/375 632/14/375 633/15/375
f 629/10/376 633/15/376 634/16/376
f 630/5/110 634/16/110 635/12/110
f 631/13/111 635/12/111 636/18/111
f 632/17/112 631/13/112 636/19/112
f 633/15/113 632/14/113 636/20/113
f 634/16/114 633/15/114 636/21/114
f 635/12/115 634/16/115 636/22/115
f 637/1/116 638/2/116 639/3/116
f 638/2/117 637/4/117 642/5/117
f 637/6/118 639/7/118 640/8/118
f 637/9/119 640/8/119 641/10/119
f 637/11/368 641/10/368 642/5/368
f 638/2/121 642/5/121 647/12/121
f 639/3/122 638/2/122 643/13/122
f 640/8/123 639/7/123 644/14/123
f 641/10/124 640/8/124 645/15/124
f 642/5/125 641/10/125 646/16/125
f 638/2/126 647/12/126 643/13/126
f 639/3/127 643/13/127 644/17/127
f 640/8/128 644/14/128 645/15/128
f 641/10/129 645/15/129 646/16/129
f 642/5/130 646/16/130 647/12/130
f 643/13/131 647/12/131 648/18/131
f 644/17/132 643/13/132 648/19/132
f 645/15/133 644/14/133 648/20/133
f 646/16/134 645/15/134 648/21/134
f 647/12/135 646/16/135 648/22/135
f 649/1/136 650/2/136 651/3/136
f 650/2/137 649/4/137 654/5/137
f 649/6/138 651/7/138 652/8/138
f 649/9/139 652/8/139 653/10/139
f 649/11/140 653/10/140 654/5/140
f 650/2/141 654/5/141 659/12/141
f 651/3/142 650/2/142 655/13/142
f 652/8/143 651/7/143 656/14/143
f 653/10/144 652/8/144 657/15/144
f 654/5/145 653/10/145 658/16/145
f 650/2/146 659/12/146 655/13/146
f 651/3/147 655/13/147 656/17/147
f 652/8/148 656/14/148 657/15/148
f 653/10/149 657/15/149 658/16/149
f 654/5/150 658/16/150 659/12/150
f 655/13/151 659/12/151 660/18/151
f 656/17/152 655/13/152 660/19/152
f 657/15/153 656/14/153 660/20/153
f 658/16/154 657/15/154 660/21/154
f 659/12/369 658/16/369 660/22/369
f 661/1/377 662/2/377 663/3/377
f 662/2/157 661/4/157 666/5/157
f 661/6/158 663/7/158 664/8/158
f 661/9/159 664/8/159 665/10/159
f 661/11/378 665/10/378 666/5/378
f 662/2/161 666/5/161 671/12/161
f 663/3/162 662/2/162 667/13/162
f 664/8/274 663/7/274 668/14/274
f 665/10/370 664/8/370 669/15/370
f 666/5/165 665/10/165 670/16/165
f 662/2/166 671/12/166 667/13/166
f 663/3/167 667/13/167 668/17/167
f 664/8/168 668/14/168 669/15/168
f 665/10/169 669/15/169 670/16/169
f 666/5/371 670/16/371 671/12/371
f 667/13/379 671/12/379 672/18/379
f 668/17/380 667/13/380 672/19/380
f 669/15/173 668/14/173 672/20/173
f 670/16/381 669/15/381 672/21/381
f 671/12/277 670/16/277 672/22/277
f 673/1/176 674/2/176 675/3/176
f 674/2/177 673/4/177 678/5/177
f 673/6/178 675/7/178 676/8/178
f 673/9/179 676/8/179 677/10/179
f 673/11/180 677/10/180 678/5/180
f 674/2/382 678/5/382 683/12/382
f 675/3/383 674/2/383 679/13/383
f 676/8/183 675/7/183 680/14/183
f 677/10/384 676/8/384 681/15/384
f 678/5/185 677/10/185 682/16/185
f 674/2/186 683/12/186 679/13/186
f 675/3/187 679/13/187 680/17/187
f 676/8/385 680/14/385 681/15/385
f 677/10/386 681/15/386 682/16/386
f 678/5/190 682/16/190 683/12/190
f 679/13/191 683/12/191 684/18/191
f 680/17/192 679/13/192 684/19/192
f 681/15/193 680/14/193 684/20/193
f 682/16/194 681/15/194 684/21/194
f 683/12/195 682/16/195 684/22/195
f 685/1/196 686/2/196 687/3/196
f 686/2/197 685/4/197 690/5/197
f 685/6/198 687/7/198 688/8/198
f 685/9/199 688/8/199 689/10/199
f 685/11/200 689/10/200 690/5/200
f 686/2/201 690/5/201 695/12/201
f 687/3/202 686/2/202 691/13/202
f 688/8/203 687/7/203 692/14/203
f 689/10/204 688/8/204 693/15/204
f 690/5/205 689/10/205 694/16/205
f 686/2/206 695/12/206 691/13/206
f 687/3/207 691/13/207 692/17/207
f 688/8/208 692/14/208 693/15/208
f 689/10/387 693/15/387 694/16/387
f 690/5/210 694/16/210 695/12/210
f 691/13/211 695/12/211 696/18/211
f 692/17/388 691/13/388 696/19/388
f 693/15/213 692/14/213 696/20/213
f 694/16/214 693/15/214 696/21/214
f 695/12/215 694/16/215 696/22/215
f 697/1/216 698/2/216 699/3/216
f 698/2/217 697/4/217 702/5/217
f 697/6/389 699/7/389 700/8/389
f 697/9/219 700/8/219 701/10/219
f 697/11/220 701/10/220 702/5/220
f 698/2/221 702/5/221 707/12/221
f 699/3/222 698/2/222 703/13/222
f 700/8/223 699/7/223 704/14/223
f 701/10/224 700/8/224 705/15/224
f 702/5/225 701/10/225 706/16/225
f 698/2/226 707/12/226 703/13/226
f 699/3/227 703/13/227 704/17/227
f 700/8/228 704/14/228 705/15/228
f 701/10/229 705/15/229 706/16/229
f 702/5/230 706/16/230 707/12/230
f 703/13/231 707/12/231 708/18/231
f 704/17/232 703/13/232 708/19/232
f 705/15/233 704/14/233 708/20/233
f 706/16/234 705/15/234 708/21/234
f 707/12/390 706/16/390 708/22/390
f 709/1/236 710/2/236 711/3/236
f 710/2/237 709/4/237 714/5/237
f 709/6/391 711/7/391 712/8/391
f 709/9/239 712/8/239 713/10/239
f 709/11/240 713/10/240 714/5/240
f 710/2/241 714/5/241 719/12/241
f 711/3/242 710/2/242 715/13/242
f 712/8/243 711/7/243 716/14/243
f 713/10/392 712/8/392 717/15/392
f 714/5/245 713/10/245 718/16/245
f 710/2/393 719/12/393 715/13/393
f 711/3/247 715/13/247 716/17/247
f 712/8/248 716/14/248 717/15/248
f 713/10/249 717/15/249 718/16/249
f 714/5/250 718/16/250 719/12/250
f 715/13/394 719/12/394 720/18/394
f 716/17/395 715/13/395 720/19/395
f 717/15/260 716/14/260 720/20/260
f 718/16/396 717/15/396 720/21/396
f 719/12/397 718/16/397 720/22/397
f 721/1/96 722/2/96 723/3/96
f 722/2/97 721/4/97 726/5/97
f 721/6/98 723/7/98 724/8/98
f 721/9/99 724/8/99 725/10/99
f 721/11/100 725/10/100 726/5/100
f 722/2/101 726/5/101 731/12/101
f 723/3/102 722/2/102 727/13/102
f 724/8/103 723/7/103 728/14/103
f 725/10/104 724/8/104 729/15/104
f 726/5/105 725/10/105 730/16/105
f 722/2/106 731/12/106 727/13/106
f 723/3/107 727/13/107 728/17/107
f 724/8/108 728/14/108 729/15/108
f 725/10/109 729/15/109 730/16/109
f 726/5/110 730/16/110 731/12/110
f 727/13/111 731/12/111 732/18/111
f 728/17/112 727/13/112 732/19/112
f 729/15/113 728/14/113 732/20/113
f 730/16/114 729/15/114 732/21/114
f 731/12/115 730/16/115 732/22/115
f 733/1/116 734/2/116 735/3/116
f 734/2/117 733/4/117 738/5/117
f 733/6/118 735/7/118 736/8/118
f 733/9/119 736/8/119 737/10/119
f 733/11/368 737/10/368 738/5/368
f 734/2/121 738/5/121 743/12/121
f 735/3/122 734/2/122 739/13/122
f 736/8/123 735/7/123 740/14/123
f 737/10/124 736/8/124 741/15/124
f 738/5/125 737/10/125 742/16/125
f 734/2/126 743/12/126 739/13/126
f 735/3/127 739/13/127 740/17/127
f 736/8/128 740/14/128 741/15/128
f 737/10/129 741/15/129 742/16/129
f 738/5/130 742/16/130 743/12/130
f 739/13/131 743/12/131 744/18/131
f 740/17/132 739/13/132 744/19/132
f 741/15/133 740/14/133 744/20/133
f 742/16/134 741/15/134 744/21/134
f 743/12/135 742/16/135 744/22/135
f 745/1/136 746/2/136 747/3/136
f 746/2/137 745/4/137 750/5/137
f 745/6/138 747/7/138 748/8/138
f 745/9/139 748/8/139 749/10/139
f 745/11/140 749/10/140 750/5/140
f 746/2/141 750/5/141 755/12/141
f 747/3/142 746/2/142 751/13/142
f 748/8/143 747/7/143 752/14/143
f 749/10/144 748/8/144 753/15/144
f 750/5/145 749/10/145 754/16/145
f 746/2/146 755/12/146 751/13/146
f 747/3/147 751/13/147 752/17/147
f 748/8/148 752/14/148 753/15/148
f 749/10/149 753/15/149 754/16/149
f 750/5/150 754/16/150 755/12/150
f 751/13/151 755/12/151 756/18/151
f 752/17/152 751/13/152 756/19/152
f 753/15/153 752/14/153 756/20/153
f 754/16/154 753/15/154 756/21/154
f 755/12/155 754/16/155 756/22/155
f 757/1/377 758/2/377 759/3/377
f 758/2/157 757/4/157 762/5/157
f 757/6/158 759/7/158 760/8/158
f 757/9/159 760/8/159 761/10/159
f 757/11/378 761/10/378 762/5/378
f 758/2/161 762/5/161 767/12/161
f 759/3/162 758/2/162 763/13/162
f 760/8/163 759/7/163 764/14/163
f 761/10/370 760/8/370 765/15/370
f 762/5/165 761/10/165 766/16/165
f 758/2/166 767/12/166 763/13/166
f 759/3/167 763/13/167 764/17/167
f 760/8/168 764/14/168 765/15/168
f 761/10/169 765/15/169 766/16/169
f 762/5/371 766/16/371 767/12/371
f 763/13/171 767/12/171 768/18/171
f 764/17/372 763/13/372 768/19/372
f 765/15/173 764/14/173 768/20/173
f 766/16/373 765/15/373 768/21/373
f 767/12/277 766/16/277 768/22/277
f 769/1/96 770/2/96 771/3/96
f 770/2/97 769/4/97 774/5/97
f 769/6/98 771/7/98 772/8/98
f 769/9/99 772/8/99 773/10/99
f 769/11/100 773/10/100 774/5/100
f 770/2/367 774/5/367 779/12/367
f 771/3/374 770/2/374 775/13/374
f 772/8/103 771/7/103 776/14/103
f 773/10/398 772/8/398 777/15/398
f 774/5/105 773/10/105 778/16/105
f 770/2/106 779/12/106 775/13/106
f 771/3/107 775/13/107 776/17/107
f 772/8/375 776/14/375 777/15/375
f 773/10/376 777/15/376 778/16/376
f 774/5/110 778/16/110 779/12/110
f 775/13/111 779/12/111 780/18/111
f 776/17/112 775/13/112 780/19/112
f 777/15/113 776/14/113 780/20/113
f 778/16/114 777/15/114 780/21/114
f 779/12/115 778/16/115 780/22/115
f 781/1/116 782/2/116 783/3/116
f 782/2/117 781/4/117 786/5/117
f 781/6/118 783/7/118 784/8/118
f 781/9/119 784/8/119 785/10/119
f 781/11/368 785/10/368 786/5/368
f 782/2/121 786/5/121 791/12/121
f 783/3/122 782/2/122 787/13/122
f 784/8/123 783/7/123 788/14/123
f 785/10/124 784/8/124 789/15/124
f 786/5/125 785/10/125 790/16/125
f 782/2/126 791/12/126 787/13/126
f 783/3/127 787/13/127 788/17/127
f 784/8/128 788/14/128 789/15/128
f 785/10/129 789/15/129 790/16/129
f 786/5/130 790/16/130 791/12/130
f 787/13/131 791/12/131 792/18/131
f 788/17/272 787/13/272 792/19/272
f 789/15/133 788/14/133 792/20/133
f 790/16/134 789/15/134 792/21/134
f 791/12/135 790/16/135 792/22/135
f 793/1/136 794/2/136 795/3/136
f 794/2/137 793/4/137 798/5/137
f 793/6/138 795/7/138 796/8/138
f 793/9/139 796/8/139 797/10/139
f 793/11/140 797/10/140 798/5/140
f 794/2/141 798/5/141 803/12/141
f 795/3/142 794/2/142 799/13/142
f 796/8/143 795/7/143 800/14/143
f 797/10/144 796/8/144 801/15/144
f 798/5/145 797/10/145 802/16/145
f 794/2/146 803/12/146 799/13/146
f 795/3/147 799/13/147 800/17/147
f 796/8/148 800/14/148 801/15/148
f 797/10/149 801/15/149 802/16/149
f 798/5/150 802/16/150 803/12/150
f 799/13/151 803/12/151 804/18/151
f 800/17/152 799/13/152 804/19/152
f 801/15/153 800/14/153 804/20/153
f 802/16/154 801/15/154 804/21/154
f 803/12/369 802/16/369 804/22/369
f 805/1/377 806/2/377 807/3/377
f 806/2/157 805/4/157 810/5/157
f 805/6/158 807/7/158 808/8/158
f 805/9/159 808/8/159 809/10/159
f 805/11/160 809/10/160 810/5/160
f 806/2/161 810/5/161 815/12/161
f 807/3/162 806/2/162 811/13/162
f 808/8/274 807/7/274 812/14/274
f 809/10/370 808/8/370 813/15/370
f 810/5/165 809/10/165 814/16/165
f 806/2/166 815/12/166 811/13/166
f 807/3/167 811/13/167 812/17/167
f 808/8/168 812/14/168 813/15/168
f 809/10/169 813/15/169 814/16/169
f 810/5/371 814/16/371 815/12/371
f 811/13/379 815/12/379 816/18/379
f 812/17/380 811/13/380 816/19/380
f 813/15/276 812/14/276 816/20/276
f 814/16/381 813/15/381 816/21/381
f 815/12/277 814/16/277 816/22/277
f 817/1/96 818/2/96 819/3/96
f 818/2/97 817/4/97 822/5/97
f 817/6/98 819/7/98 820/8/98
f 817/9/99 820/8/99 821/10/99
f 817/11/100 821/10/100 822/5/100
f 818/2/367 822/5/367 827/12/367
f 819/3/374 818/2/374 823/13/374
f 820/8/103 819/7/103 824/14/103
f 821/10/104 820/8/104 825/15/104
f 822/5/105 821/10/105 826/16/105
f 818/2/106 827/12/106 823/13/106
f 819/3/107 823/13/107 824/17/107
f 820/8/375 824/14/375 825/15/375
f 821/10/376 825/15/376 826/16/376
f 822/5/110 826/16/110 827/12/110
f 823/13/111 827/12/111 828/18/111
f 824/17/112 823/13/112 828/19/112
f 825/15/113 824/14/113 828/20/113
f 826/16/114 825/15/114 828/21/114
f 827/12/115 826/16/115 828/22/115
f 829/1/116 830/2/116 831/3/116
f 830/2/117 829/4/117 834/5/117
f 829/6/118 831/7/118 832/8/118
f 829/9/119 832/8/119 833/10/119
f 829/11/368 833/10/368 834/5/368
f 830/2/121 834/5/121 839/12/121
f 831/3/122 830/2/122 835/13/122
f 832/8/123 831/7/123 836/14/123
f 833/10/124 832/8/124 837/15/124
f 834/5/125 833/10/125 838/16/125
f 830/2/126 839/12/126 835/13/126
f 831/3/127 835/13/127 836/17/127
f 832/8/128 836/14/128 837/15/128
f 833/10/129 837/15/129 838/16/129
f 834/5/130 838/16/130 839/12/130
f 835/13/131 839/12/131 840/18/131
f 836/17/272 835/13/272 840/19/272
f 837/15/133 836/14/133 840/20/133
f 838/16/134 837/15/134 840/21/134
f 839/12/135 838/16/135 840/22/135
f 841/1/136 842/2/136 843/3/136
f 842/2/137 841/4/137 846/5/137
f 841/6/399 843/7/399 844/8/399
f 841/9/139 844/8/139 845/10/139
f 841/11/140 845/10/140 846/5/140
f 842/2/141 846/5/141 851/12/141
f 843/3/142 842/2/142 847/13/142
f 844/8/143 843/7/143 848/14/143
f 845/10/144 844/8/144 849/15/144
f 846/5/145 845/10/145 850/16/145
f 842/2/146 851/12/146 847/13/146
f 843/3/147 847/13/147 848/17/147
f 844/8/148 848/14/148 849/15/148
f 845/10/149 849/15/149 850/16/149
f 846/5/150 850/16/150 851/12/150
f 847/13/151 851/12/151 852/18/151
f 848/17/152 847/13/152 852/19/152
f 849/15/153 848/14/153 852/20/153
f 850/16/154 849/15/154 852/21/154
f 851/12/369 850/16/369 852/22/369
f 853/1/156 854/2/156 855/3/156
f 854/2/157 853/4/157 858/5/157
f 853/6/158 855/7/158 856/8/158
f 853/9/159 856/8/159 857/10/159
f 853/11/160 857/10/160 858/5/160
f 854/2/161 858/5/161 863/12/161
f 855/3/162 854/2/162 859/13/162
f 856/8/163 855/7/163 860/14/163
f 857/10/164 856/8/164 861/15/164
f 858/5/165 857/10/165 862/16/165
f 854/2/166 863/12/166 859/13/166
f 855/3/167 859/13/167 860/17/167
f 856/8/168 860/14/168 861/15/168
f 857/10/169 861/15/169 862/16/169
f 858/5/170 862/16/170 863/12/170
f 859/13/379 863/12/379 864/18/379
f 860/17/380 859/13/380 864/19/380
f 861/15/173 860/14/173 864/20/173
f 862/16/381 861/15/381 864/21/381
f 863/12/277 862/16/277 864/22/277
f 865/1/1 866/2/1 867/3/1
f 866/2/2 865/4/2 870/5/2
f 865/6/3 867/7/3 868/8/3
f 865/9/4 868/8/4 869/10/4
f 865/11/5 869/10/5 870/5/5
f 866/2/6 870/5/6 875/12/6
f 867/3/7 866/2/7 871/13/7
f 868/8/8 867/7/8 872/14/8
f 869/10/9 868/8/9 873/15/9
f 870/5/10 869/10/10 874/16/10
f 866/2/11 875/12/11 871/13/11
f 867/3/12 871/13/12 872/17/12
f 868/8/13 872/14/13 873/15/13
f 869/10/14 873/15/14 874/16/14
f 870/5/15 874/16/15 875/12/15
f 871/13/16 875/12/16 876/18/16
f 872/17/17 871/13/17 876/19/17
f 873/15/18 872/14/18 876/20/18
f 874/16/19 873/15/19 876/21/19
f 875/12/20 874/16/20 876/22/20
f 877/1/21 878/2/21 879/3/21
f 878/2/22 877/4/22 882/5/22
f 877/6/23 879/7/23 880/8/23
f 877/9/24 880/8/24 881/10/24
f 877/11/83 881/10/83 882/5/83
f 878/2/26 882/5/26 887/12/26
f 879/3/84 878/2/84 883/13/84
f 880/8/28 879/7/28 884/14/28
f 881/10/29 880/8/29 885/15/29
f 882/5/30 881/10/30 886/16/30
f 878/2/31 887/12/31 883/13/31
f 879/3/32 883/13/32 884/17/32
f 880/8/33 884/14/33 885/15/33
f 881/10/34 885/15/34 886/16/34
f 882/5/35 886/16/35 887/12/35
f 883/13/36 887/12/36 888/18/36
f 884/17/37 883/13/37 888/19/37
f 885/15/38 884/14/38 888/20/38
f 886/16/39 885/15/39 888/21/39
f 887/12/40 886/16/40 888/22/40
f 889/1/41 890/2/41 891/3/41
f 890/2/42 889/4/42 894/5/42
f 889/6/43 891/7/43 892/8/43
f 889/9/44 892/8/44 893/10/44
f 889/11/45 893/10/45 894/5/45
f 890/2/46 894/5/46 899/12/46
f 891/3/47 890/2/47 895/13/47
f 892/8/48 891/7/48 896/14/48
f 893/10/49 892/8/49 897/15/49
f 894/5/50 893/10/50 898/16/50
f 890/2/51 899/12/51 895/13/51
f 891/3/52 895/13/52 896/17/52
f 892/8/53 896/14/53 897/15/53
f 893/10/54 897/15/54 898/16/54
f 894/5/55 898/16/55 899/12/55
f 895/13/56 899/12/56 900/18/56
f 896/17/57 895/13/57 900/19/57
f 897/15/58 896/14/58 900/20/58
f 898/16/59 897/15/59 900/21/59
f 899/12/400 898/16/400 900/22/400
f 901/1/359 902/2/359 903/3/359
f 902/2/86 901/4/86 906/5/86
f 901/6/87 903/7/87 904/8/87
f 901/9/401 904/8/401 905/10/401
f 901/11/65 905/10/65 906/5/65
f 902/2/66 906/5/66 911/12/66
f 903/3/67 902/2/67 907/13/67
f 904/8/402 903/7/402 908/14/402
f 905/10/403 904/8/403 909/15/403
f 906/5/70 905/10/70 910/16/70
f 902/2/404 911/12/404 907/13/404
f 903/3/72 907/13/72 908/17/72
f 904/8/73 908/14/73 909/15/73
f 905/10/74 909/15/74 910/16/74
f 906/5/405 910/16/405 911/12/405
f 907/13/76 911/12/76 912/18/76
f 908/17/88 907/13/88 912/19/88
f 909/15/78 908/14/78 912/20/78
f 910/16/79 909/15/79 912/21/79
f 911/12/80 910/16/80 912/22/80
f 913/1/176 914/2/176 915/3/176
f 914/2/177 913/4/177 918/5/177
f 913/6/178 915/7/178 916/8/178
f 913/9/179 916/8/179 917/10/179
f 913/11/180 917/10/180 918/5/180
f 914/2/382 918/5/382 923/12/382
f 915/3/383 914/2/383 919/13/383
f 916/8/183 915/7/183 920/14/183
f 917/10/184 916/8/184 921/15/184
f 918/5/185 917/10/185 922/16/185
f 914/2/186 923/12/186 919/13/186
f 915/3/187 919/13/187 920/17/187
f 916/8/385 920/14/385 921/15/385
f 917/10/386 921/15/386 922/16/386
f 918/5/190 922/16/190 923/12/190
f 919/13/191 923/12/191 924/18/191
f 920/17/192 919/13/192 924/19/192
f 921/15/193 920/14/193 924/20/193
f 922/16/194 921/15/194 924/21/194
f 923/12/195 922/16/195 924/22/195
f 925/1/196 926/2/196 927/3/196
f 926/2/197 925/4/197 930/5/197
f 925/6/198 927/7/198 928/8/198
f 925/9/199 928/8/199 929/10/199
f 925/11/200 929/10/200 930/5/200
f 926/2/201 930/5/201 935/12/201
f 927/3/202 926/2/202 931/13/202
f 928/8/203 927/7/203 932/14/203
f 929/10/204 928/8/204 933/15/204
f 930/5/205 929/10/205 934/16/205
f 926/2/206 935/12/206 931/13/206
f 927/3/207 931/13/207 932/17/207
f 928/8/208 932/14/208 933/15/208
f 929/10/387 933/15/387 934/16/387
f 930/5/210 934/16/210 935/12/210
f 931/13/211 935/12/211 936/18/211
f 932/17/388 931/13/388 936/19/388
f 933/15/213 932/14/213 936/20/213
f 934/16/214 933/15/214 936/21/214
f 935/12/215 934/16/215 936/22/215
f 937/1/216 938/2/216 939/3/216
f 938/2/217 937/4/217 942/5/217
f 937/6/218 939/7/218 940/8/218
f 937/9/219 940/8/219 941/10/219
f 937/11/220 941/10/220 942/5/220
f 938/2/221 942/5/221 947/12/221
f 939/3/222 938/2/222 943/13/222
f 940/8/223 939/7/223 944/14/223
f 941/10/224 940/8/224 945/15/224
f 942/5/225 941/10/225 946/16/225
f 938/2/226 947/12/226 943/13/226
f 939/3/227 943/13/227 944/17/227
f 940/8/228 944/14/228 945/15/228
f 941/10/229 945/15/229 946/16/229
f 942/5/230 946/16/230 947/12/230
f 943/13/231 947/12/231 948/18/231
f 944/17/232 943/13/232 948/19/232
f 945/15/233 944/14/233 948/20/233
f 946/16/234 945/15/234 948/21/234
f 947/12/390 946/16/390 948/22/390
f 949/1/236 950/2/236 951/3/236
f 950/2/237 949/4/237 954/5/237
f 949/6/238 951/7/238 952/8/238
f 949/9/239 952/8/239 953/10/239
f 949/11/240 953/10/240 954/5/240
f 950/2/241 954/5/241 959/12/241
f 951/3/242 950/2/242 955/13/242
f 952/8/258 951/7/258 956/14/258
f 953/10/392 952/8/392 957/15/392
f 954/5/245 953/10/245 958/16/245
f 950/2/393 959/12/393 955/13/393
f 951/3/247 955/13/247 956/17/247
f 952/8/248 956/14/248 957/15/248
f 953/10/249 957/15/249 958/16/249
f 954/5/259 958/16/259 959/12/259
f 955/13/394 959/12/394 960/18/394
f 956/17/395 955/13/395 960/19/395
f 957/15/260 956/14/260 960/20/260
f 958/16/396 957/15/396 960/21/396
f 959/12/397 958/16/397 960/22/397
f 961/1/96 962/2/96 963/3/96
f 962/2/97 961/4/97 966/5/97
f 961/6/98 963/7/98 964/8/98
f 961/9/99 964/8/99 965/10/99
f 961/11/100 965/10/100 966/5/100
f 962/2/367 966/5/367 971/12/367
f 963/3/374 962/2/374 967/13/374
f 964/8/103 963/7/103 968/14/103
f 965/10/398 964/8/398 969/15/398
f 966/5/105 965/10/105 970/16/105
f 962/2/106 971/12/106 967/13/106
f 963/3/107 967/13/107 968/17/107
f 964/8/375 968/14/375 969/15/375
f 965/10/376 969/15/376 970/16/376
f 966/5/110 970/16/110 971/12/110
f 967/13/111 971/12/111 972/18/111
f 968/17/112 967/13/112 972/19/112
f 969/15/113 968/14/113 972/20/113
f 970/16/114 969/15/114 972/21/114
f 971/12/115 970/16/115 972/22/115
f 973/1/116 974/2/116 975/3/116
f 974/2/117 973/4/117 978/5/117
f 973/6/118 975/7/118 976/8/118
f 973/9/119 976/8/119 977/10/119
f 973/11/368 977/10/368 978/5/368
f 974/2/121 978/5/121 983/12/121
f 975/3/122 974/2/122 979/13/122
f 976/8/123 975/7/123 980/14/123
f 977/10/124 976/8/124 981/15/124
f 978/5/125 977/10/125 982/16/125
f 974/2/126 983/12/126 979/13/126
f 975/3/127 979/13/127 980/17/127
f 976/8/128 980/14/128 981/15/128
f 977/10/129 981/15/129 982/16/129
f 978/5/130 982/16/130 983/12/130
f 979/13/131 983/12/131 984/18/131
f 980/17/272 979/13/272 984/19/272
f 981/15/133 980/14/133 984/20/133
f 982/16/134 981/15/134 984/21/134
f 983/12/135 982/16/135 984/22/135
f 985/1/136 986/2/136 987/3/136
f 986/2/137 985/4/137 990/5/137
f 985/6/399 987/7/399 988/8/399
f 985/9/139 988/8/139 989/10/139
f 985/11/140 989/10/140 990/5/140
f 986/2/141 990/5/141 995/12/141
f 987/3/142 986/2/142 991/13/142
f 988/8/143 987/7/143 992/14/143
f 989/10/144 988/8/144 993/15/144
f 990/5/145 989/10/145 994/16/145
f 986/2/146 995/12/146 991/13/146
f 987/3/147 991/13/147 992/17/147
f 988/8/148 992/14/148 993/15/148
f 989/10/149 993/15/149 994/16/149
f 990/5/150 994/16/150 995/12/150
f 991/13/151 995/12/151 996/18/151
f 992/17/152 991/13/152 996/19/152
f 993/15/153 992/14/153 996/20/153
f 994/16/154 993/15/154 996/21/154
f 995/12/369 994/16/369 996/22/369
f 997/1/156 998/2/156 999/3/156
f 998/2/157 997/4/157 1002/5/157
f 997/6/406 999/7/406 1000/8/406
f 997/9/159 1000/8/159 1001/10/159
f 997/11/160 1001/10/160 1002/5/160
f 998/2/161 1002/5/161 1007/12/161
f 999/3/162 998/2/162 1003/13/162
f 1000/8/274 999/7/274 1004/14/274
f 1001/10/370 1000/8/370 1005/15/370
f 1002/5/165 1001/10/165 1006/16/165
f 998/2/166 1007/12/166 1003/13/166
f 999/3/167 1003/13/167 1004/17/167
f 1000/8/168 1004/14/168 1005/15/168
f 1001/10/169 1005/15/169 1006/16/169
f 1002/5/170 1006/16/170 1007/12/170
f 1003/13/379 1007/12/379 1008/18/379
f 1004/17/380 1003/13/380 1008/19/380
f 1005/15/173 1004/14/173 1008/20/173
f 1006/16/381 1005/15/381 1008/21/381
f 1007/12/277 1006/16/277 1008/22/277
f 1009/1/1 1010/2/1 1011/3/1
f 1010/2/2 1009/4/2 1014/5/2
f 1009/6/3 1011/7/3 1012/8/3
f 1009/9/4 1012/8/4 1013/10/4
f 1009/11/5 1013/10/5 1014/5/5
f 1010/2/6 1014/5/6 1019/12/6
f 1011/3/7 1010/2/7 1015/13/7
f 1012/8/8 1011/7/8 1016/14/8
f 1013/10/9 1012/8/9 1017/15/9
f 1014/5/10 1013/10/10 1018/16/10
f 1010/2/11 1019/12/11 1015/13/11
f 1011/3/12 1015/13/12 1016/17/12
f 1012/8/13 1016/14/13 1017/15/13
f 1013/10/14 1017/15/14 1018/16/14
f 1014/5/15 1018/16/15 1019/12/15
f 1015/13/16 1019/12/16 1020/18/16
f 1016/17/17 1015/13/17 1020/19/17
f 1017/15/18 1016/14/18 1020/20/18
f 1018/16/19 1017/15/19 1020/21/19
f 1019/12/20 1018/16/20 1020/22/20
f 1021/1/21 1022/2/21 1023/3/21
f 1022/2/22 1021/4/22 1026/5/22
f 1021/6/23 1023/7/23 1024/8/23
f 1021/9/24 1024/8/24 1025/10/24
f 1021/11/25 1025/10/25 1026/5/25
f 1022/2/26 1026/5/26 1031/12/26
f 1023/3/84 1022/2/84 1027/13/84
f 1024/8/28 1023/7/28 1028/14/28
f 1025/10/29 1024/8/29 1029/15/29
f 1026/5/30 1025/10/30 1030/16/30
f 1022/2/31 1031/12/31 1027/13/31
f 1023/3/32 1027/13/32 1028/17/32
f 1024/8/33 1028/14/33 1029/15/33
f 1025/10/34 1029/15/34 1030/16/34
f 1026/5/35 1030/16/35 1031/12/35
f 1027/13/36 1031/12/36 1032/18/36
f 1028/17/262 1027/13/262 1032/19/262
f 1029/15/38 1028/14/38 1032/20/38
f 1030/16/39 1029/15/39 1032/21/39
f 1031/12/40 1030/16/40 1032/22/40
f 1033/1/41 1034/2/41 1035/3/41
f 1034/2/42 1033/4/42 1038/5/42
f 1033/6/43 1035/7/43 1036/8/43
f 1033/9/44 1036/8/44 1037/10/44
f 1033/11/45 1037/10/45 1038/5/45
f 1034/2/46 1038/5/46 1043/12/46
f 1035/3/47 1034/2/47 1039/13/47
f 1036/8/48 1035/7/48 1040/14/48
f 1037/10/49 1036/8/49 1041/15/49
f 1038/5/50 1037/10/50 1042/16/50
f 1034/2/51 1043/12/51 1039/13/51
f 1035/3/52 1039/13/52 1040/17/52
f 1036/8/53 1040/14/53 1041/15/53
f 1037/10/54 1041/15/54 1042/16/54
f 1038/5/55 1042/16/55 1043/12/55
f 1039/13/56 1043/12/56 1044/18/56
f 1040/17/57 1039/13/57 1044/19/57
f 1041/15/58 1040/14/58 1044/20/58
f 1042/16/59 1041/15/59 1044/21/59
f 1043/12/60 1042/16/60 1044/22/60
f 1045/1/359 1046/2/359 1047/3/359
f 1046/2/86 1045/4/86 1050/5/86
f 1045/6/63 1047/7/63 1048/8/63
f 1045/9/64 1048/8/64 1049/10/64
f 1045/11/265 1049/10/265 1050/5/265
f 1046/2/66 1050/5/66 1055/12/66
f 1047/3/67 1046/2/67 1051/13/67
f 1048/8/266 1047/7/266 1052/14/266
f 1049/10/267 1048/8/267 1053/15/267
f 1050/5/70 1049/10/70 1054/16/70
f 1046/2/71 1055/12/71 1051/13/71
f 1047/3/72 1051/13/72 1052/17/72
f 1048/8/73 1052/14/73 1053/15/73
f 1049/10/74 1053/15/74 1054/16/74
f 1050/5/75 1054/16/75 1055/12/75
f 1051/13/76 1055/12/76 1056/18/76
f 1052/17/77 1051/13/77 1056/19/77
f 1053/15/78 1052/14/78 1056/20/78
f 1054/16/94 1053/15/94 1056/21/94
f 1055/12/80 1054/16/80 1056/22/80
f 1057/1/176 1058/2/176 1059/3/176
f 1058/2/177 1057/4/177 1062/5/177
f 1057/6/178 1059/7/178 1060/8/178
f 1057/9/179 1060/8/179 1061/10/179
f 1057/11/180 1061/10/180 1062/5/180
f 1058/2/382 1062/5/382 1067/12/382
f 1059/3/182 1058/2/182 1063/13/182
f 1060/8/183 1059/7/183 1064/14/183
f 1061/10/184 1060/8/184 1065/15/184
f 1062/5/185 1061/10/185 1066/16/185
f 1058/2/186 1067/12/186 1063/13/186
f 1059/3/187 1063/13/187 1064/17/187
f 1060/8/385 1064/14/385 1065/15/385
f 1061/10/386 1065/15/386 1066/16/386
f 1062/5/190 1066/16/190 1067/12/190
f 1063/13/191 1067/12/191 1068/18/191
f 1064/17/192 1063/13/192 1068/19/192
f 1065/15/193 1064/14/193 1068/20/193
f 1066/16/194 1065/15/194 1068/21/194
f 1067/12/195 1066/16/195 1068/22/195
f 1069/1/196 1070/2/196 1071/3/196
f 1070/2/197 1069/4/197 1074/5/197
f 1069/6/198 1071/7/198 1072/8/198
f 1069/9/199 1072/8/199 1073/10/199
f 1069/11/200 1073/10/200 1074/5/200
f 1070/2/201 1074/5/201 1079/12/201
f 1071/3/202 1070/2/202 1075/13/202
f 1072/8/203 1071/7/203 1076/14/203
f 1073/10/204 1072/8/204 1077/15/204
f 1074/5/205 1073/10/205 1078/16/205
f 1070/2/206 1079/12/206 1075/13/206
f 1071/3/207 1075/13/207 1076/17/207
f 1072/8/208 1076/14/208 1077/15/208
f 1073/10/387 1077/15/387 1078/16/387
f 1074/5/210 1078/16/210 1079/12/210
f 1075/13/211 1079/12/211 1080/18/211
f 1076/17/388 1075/13/388 1080/19/388
f 1077/15/213 1076/14/213 1080/20/213
f 1078/16/214 1077/15/214 1080/21/214
f 1079/12/215 1078/16/215 1080/22/215
f 1081/1/216 1082/2/216 1083/3/216
f 1082/2/217 1081/4/217 1086/5/217
f 1081/6/218 1083/7/218 1084/8/218
f 1081/9/407 1084/8/407 1085/10/407
f 1081/11/220 1085/10/220 1086/5/220
f 1082/2/221 1086/5/221 1091/12/221
f 1083/3/222 1082/2/222 1087/13/222
f 1084/8/223 1083/7/223 1088/14/223
f 1085/10/224 1084/8/224 1089/15/224
f 1086/5/225 1085/10/225 1090/16/225
f 1082/2/226 1091/12/226 1087/13/226
f 1083/3/227 1087/13/227 1088/17/227
f 1084/8/228 1088/14/228 1089/15/228
f 1085/10/229 1089/15/229 1090/16/229
f 1086/5/230 1090/16/230 1091/12/230
f 1087/13/231 1091/12/231 1092/18/231
f 1088/17/232 1087/13/232 1092/19/232
f 1089/15/233 1088/14/233 1092/20/233
f 1090/16/234 1089/15/234 1092/21/234
f 1091/12/390 1090/16/390 1092/22/390
f 1093/1/257 1094/2/257 1095/3/257
f 1094/2/237 1093/4/237 1098/5/237
f 1093/6/238 1095/7/238 1096/8/238
f 1093/9/239 1096/8/239 1097/10/239
f 1093/11/240 1097/10/240 1098/5/240
f 1094/2/241 1098/5/241 1103/12/241
f 1095/3/242 1094/2/242 1099/13/242
f 1096/8/243 1095/7/243 1100/14/243
f 1097/10/392 1096/8/392 1101/15/392
f 1098/5/245 1097/10/245 1102/16/245
f 1094/2/393 1103/12/393 1099/13/393
f 1095/3/247 1099/13/247 1100/17/247
f 1096/8/248 1100/14/248 1101/15/248
f 1097/10/249 1101/15/249 1102/16/249
f 1098/5/250 1102/16/250 1103/12/250
f 1099/13/394 1103/12/394 1104/18/394
f 1100/17/252 1099/13/252 1104/19/252
f 1101/15/260 1100/14/260 1104/20/260
f 1102/16/261 1101/15/261 1104/21/261
f 1103/12/255 1102/16/255 1104/22/255
f 1105/1/1 1106/2/1 1107/3/1
f 1106/2/2 1105/4/2 1110/5/2
f 1105/6/3 1107/7/3 1108/8/3
f 1105/9/4 1108/8/4 1109/10/4
f 1105/11/5 1109/10/5 1110/5/5
f 1106/2/6 1110/5/6 1115/12/6
f 1107/3/7 1106/2/7 1111/13/7
f 1108/8/8 1107/7/8 1112/14/8
f 1109/10/9 1108/8/9 1113/15/9
f 1110/5/10 1109/10/10 1114/16/10
f 1106/2/11 1115/12/11 1111/13/11
f 1107/3/12 1111/13/12 1112/17/12
f 1108/8/13 1112/14/13 1113/15/13
f 1109/10/14 1113/15/14 1114/16/14
f 1110/5/15 1114/16/15 1115/12/15
f 1111/13/16 1115/12/16 1116/18/16
f 1112/17/17 1111/13/17 1116/19/17
f 1113/15/18 1112/14/18 1116/20/18
f 1114/16/19 1113/15/19 1116/21/19
f 1115/12/20 1114/16/20 1116/22/20
f 1117/1/21 1118/2/21 1119/3/21
f 1118/2/22 1117/4/22 1122/5/22
f 1117/6/23 1119/7/23 1120/8/23
f 1117/9/24 1120/8/24 1121/10/24
f 1117/11/83 1121/10/83 1122/5/83
f 1118/2/26 1122/5/26 1127/12/26
f 1119/3/27 1118/2/27 1123/13/27
f 1120/8/28 1119/7/28 1124/14/28
f 1121/10/29 1120/8/29 1125/15/29
f 1122/5/30 1121/10/30 1126/16/30
f 1118/2/31 1127/12/31 1123/13/31
f 1119/3/32 1123/13/32 1124/17/32
f 1120/8/33 1124/14/33 1125/15/33
f 1121/10/34 1125/15/34 1126/16/34
f 1122/5/35 1126/16/35 1127/12/35
f 1123/13/36 1127/12/36 1128/18/36
f 1124/17/37 1123/13/37 1128/19/37
f 1125/15/38 1124/14/38 1128/20/38
f 1126/16/39 1125/15/39 1128/21/39
f 1127/12/40 1126/16/40 1128/22/40
f 1129/1/41 1130/2/41 1131/3/41
f 1130/2/42 1129/4/42 1134/5/42
f 1129/6/43 1131/7/43 1132/8/43
f 1129/9/44 1132/8/44 1133/10/44
f 1129/11/45 1133/10/45 1134/5/45
f 1130/2/46 1134/5/46 1139/12/46
f 1131/3/47 1130/2/47 1135/13/47
f 1132/8/48 1131/7/48 1136/14/48
f 1133/10/49 1132/8/49 1137/15/49
f 1134/5/50 1133/10/50 1138/16/50
f 1130/2/51 1139/12/51 1135/13/51
f 1131/3/52 1135/13/52 1136/17/52
f 1132/8/53 1136/14/53 1137/15/53
f 1133/10/54 1137/15/54 1138/16/54
f 1134/5/55 1138/16/55 1139/12/55
f 1135/13/56 1139/12/56 1140/18/56
f 1136/17/57 1135/13/57 1140/19/57
f 1137/15/58 1136/14/58 1140/20/58
f 1138/16/59 1137/15/59 1140/21/59
f 1139/12/400 1138/16/400 1140/22/400
f 1141/1/359 1142/2/359 1143/3/359
f 1142/2/62 1141/4/62 1146/5/62
f 1141/6/63 1143/7/63 1144/8/63
f 1141/9/64 1144/8/64 1145/10/64
f 1141/11/265 1145/10/265 1146/5/265
f 1142/2/66 1146/5/66 1151/12/66
f 1143/3/67 1142/2/67 1147/13/67
f 1144/8/402 1143/7/402 1148/14/402
f 1145/10/403 1144/8/403 1149/15/403
f 1146/5/70 1145/10/70 1150/16/70
f 1142/2/404 1151/12/404 1147/13/404
f 1143/3/72 1147/13/72 1148/17/72
f 1144/8/73 1148/14/73 1149/15/73
f 1145/10/74 1149/15/74 1150/16/74
f 1146/5/405 1150/16/405 1151/12/405
f 1147/13/76 1151/12/76 1152/18/76
f 1148/17/88 1147/13/88 1152/19/88
f 1149/15/78 1148/14/78 1152/20/78
f 1150/16/270 1149/15/270 1152/21/270
f 1151/12/80 1150/16/80 1152/22/80
f 1153/1/96 1154/2/96 1155/3/96
f 1154/2/97 1153/4/97 1158/5/97
f 1153/6/98 1155/7/98 1156/8/98
f 1153/9/99 1156/8/99 1157/10/99
f 1153/11/100 1157/10/100 1158/5/100
f 1154/2/367 1158/5/367 1163/12/367
f 1155/3/102 1154/2/102 1159/13/102
f 1156/8/103 1155/7/103 1160/14/103
f 1157/10/104 1156/8/104 1161/15/104
f 1158/5/105 1157/10/105 1162/16/105
f 1154/2/106 1163/12/106 1159/13/106
f 1155/3/107 1159/13/107 1160/17/107
f 1156/8/375 1160/14/375 1161/15/375
f 1157/10/376 1161/15/376 1162/16/376
f 1158/5/110 1162/16/110 1163/12/110
f 1159/13/111 1163/12/111 1164/18/111
f 1160/17/112 1159/13/112 1164/19/112
f 1161/15/113 1160/14/113 1164/20/113
f 1162/16/114 1161/15/114 1164/21/114
f 1163/12/115 1162/16/115 1164/22/115
f 1165/1/116 1166/2/116 1167/3/116
f 1166/2/117 1165/4/117 1170/5/117
f 1165/6/118 1167/7/118 1168/8/118
f 1165/9/119 1168/8/119 1169/10/119
f 1165/11/368 1169/10/368 1170/5/368
f 1166/2/121 1170/5/121 1175/12/121
f 1167/3/122 1166/2/122 1171/13/122
f 1168/8/123 1167/7/123 1172/14/123
f 1169/10/124 1168/8/124 1173/15/124
f 1170/5/125 1169/10/125 1174/16/125
f 1166/2/126 1175/12/126 1171/13/126
f 1167/3/127 1171/13/127 1172/17/127
f 1168/8/128 1172/14/128 1173/15/128
f 1169/10/129 1173/15/129 1174/16/129
f 1170/5/130 1174/16/130 1175/12/130
f 1171/13/131 1175/12/131 1176/18/131
f 1172/17/272 1171/13/272 1176/19/272
f 1173/15/133 1172/14/133 1176/20/133
f 1174/16/134 1173/15/134 1176/21/134
f 1175/12/135 1174/16/135 1176/22/135
f 1177/1/136 1178/2/136 1179/3/136
f 1178/2/137 1177/4/137 1182/5/137
f 1177/6/138 1179/7/138 1180/8/138
f 1177/9/408 1180/8/408 1181/10/408
f 1177/11/140 1181/10/140 1182/5/140
f 1178/2/141 1182/5/141 1187/12/141
f 1179/3/142 1178/2/142 1183/13/142
f 1180/8/143 1179/7/143 1184/14/143
f 1181/10/144 1180/8/144 1185/15/144
f 1182/5/145 1181/10/145 1186/16/145
f 1178/2/146 1187/12/146 1183/13/146
f 1179/3/147 1183/13/147 1184/17/147
f 1180/8/148 1184/14/148 1185/15/148
f 1181/10/149 1185/15/149 1186/16/149
f 1182/5/150 1186/16/150 1187/12/150
f 1183/13/151 1187/12/151 1188/18/151
f 1184/17/152 1183/13/152 1188/19/152
f 1185/15/153 1184/14/153 1188/20/153
f 1186/16/154 1185/15/154 1188/21/154
f 1187/12/369 1186/16/369 1188/22/369
f 1189/1/156 1190/2/156 1191/3/156
f 1190/2/157 1189/4/157 1194/5/157
f 1189/6/406 1191/7/406 1192/8/406
f 1189/9/409 1192/8/409 1193/10/409
f 1189/11/160 1193/10/160 1194/5/160
f 1190/2/161 1194/5/161 1199/12/161
f 1191/3/162 1190/2/162 1195/13/162
f 1192/8/163 1191/7/163 1196/14/163
f 1193/10/370 1192/8/370 1197/15/370
f 1194/5/165 1193/10/165 1198/16/165
f 1190/2/166 1199/12/166 1195/13/166
f 1191/3/167 1195/13/167 1196/17/167
f 1192/8/168 1196/14/168 1197/15/168
f 1193/10/169 1197/15/169 1198/16/169
f 1194/5/170 1198/16/170 1199/12/170
f 1195/13/171 1199/12/171 1200/18/171
f 1196/17/172 1195/13/172 1200/19/172
f 1197/15/173 1196/14/173 1200/20/173
f 1198/16/174 1197/15/174 1200/21/174
f 1199/12/175 1198/16/175 1200/22/175
f 1201/1/96 1202/2/96 1203/3/96
f 1202/2/97 1201/4/97 1206/5/97
f 1201/6/98 1203/7/98 1204/8/98
f 1201/9/99 1204/8/99 1205/10/99
f 1201/11/100 1205/10/100 1206/5/100
f 1202/2/367 1206/5/367 1211/12/367
f 1203/3/102 1202/2/102 1207/13/102
f 1204/8/103 1203/7/103 1208/14/103
f 1205/10/104 1204/8/104 1209/15/104
f 1206/5/105 1205/10/105 1210/16/105
f 1202/2/106 1211/12/106 1207/13/106
f 1203/3/107 1207/13/107 1208/17/107
f 1204/8/375 1208/14/375 1209/15/375
f 1205/10/376 1209/15/376 1210/16/376
f 1206/5/110 1210/16/110 1211/12/110
f 1207/13/111 1211/12/111 1212/18/111
f 1208/17/112 1207/13/112 1212/19/112
f 1209/15/113 1208/14/113 1212/20/113
f 1210/16/114 1209/15/114 1212/21/114
f 1211/12/115 1210/16/115 1212/22/115
f 1213/1/116 1214/2/116 1215/3/116
f 1214/2/117 1213/4/117 1218/5/117
f 1213/6/118 1215/7/118 1216/8/118
f 1213/9/119 1216/8/119 1217/10/119
f 1213/11/368 1217/10/368 1218/5/368
f 1214/2/121 1218/5/121 1223/12/121
f 1215/3/122 1214/2/122 1219/13/122
f 1216/8/123 1215/7/123 1220/14/123
f 1217/10/124 1216/8/124 1221/15/124
f 1218/5/125 1217/10/125 1222/16/125
f 1214/2/126 1223/12/126 1219/13/126
f 1215/3/127 1219/13/127 1220/17/127
f 1216/8/128 1220/14/128 1221/15/128
f 1217/10/129 1221/15/129 1222/16/129
f 1218/5/130 1222/16/130 1223/12/130
f 1219/13/131 1223/12/131 1224/18/131
f 1220/17/272 1219/13/272 1224/19/272
f 1221/15/133 1220/14/133 1224/20/133
f 1222/16/134 1221/15/134 1224/21/134
f 1223/12/135 1222/16/135 1224/22/135
f 1225/1/136 1226/2/136 1227/3/136
f 1226/2/137 1225/4/137 1230/5/137
f 1225/6/138 1227/7/138 1228/8/138
f 1225/9/408 1228/8/408 1229/10/408
f 1225/11/140 1229/10/140 1230/5/140
f 1226/2/141 1230/5/141 1235/12/141
f 1227/3/142 1226/2/142 1231/13/142
f 1228/8/143 1227/7/143 1232/14/143
f 1229/10/144 1228/8/144 1233/15/144
f 1230/5/145 1229/10/145 1234/16/145
f 1226/2/146 1235/12/146 1231/13/146
f 1227/3/147 1231/13/147 1232/17/147
f 1228/8/148 1232/14/148 1233/15/148
f 1229/10/149 1233/15/149 1234/16/149
f 1230/5/150 1234/16/150 1235/12/150
f 1231/13/151 1235/12/151 1236/18/151
f 1232/17/152 1231/13/152 1236/19/152
f 1233/15/153 1232/14/153 1236/20/153
f 1234/16/154 1233/15/154 1236/21/154
f 1235/12/369 1234/16/369 1236/22/369
f 1237/1/156 1238/2/156 1239/3/156
f 1238/2/157 1237/4/157 1242/5/157
f 1237/6/158 1239/7/158 1240/8/158
f 1237/9/159 1240/8/159 1241/10/159
f 1237/11/160 1241/10/160 1242/5/160
f 1238/2/161 1242/5/161 1247/12/161
f 1239/3/162 1238/2/162 1243/13/162
f 1240/8/274 1239/7/274 1244/14/274
f 1241/10/370 1240/8/370 1245/15/370
f 1242/5/165 1241/10/165 1246/16/165
f 1238/2/275 1247/12/275 1243/13/275
f 1239/3/167 1243/13/167 1244/17/167
f 1240/8/168 1244/14/168 1245/15/168
f 1241/10/169 1245/15/169 1246/16/169
f 1242/5/371 1246/16/371 1247/12/371
f 1243/13/379 1247/12/379 1248/18/379
f 1244/17/172 1243/13/172 1248/19/172
f 1245/15/173 1244/14/173 1248/20/173
f 1246/16/174 1245/15/174 1248/21/174
f 1247/12/175 1246/16/175 1248/22/175
f 1249/1/96 1250/2/96 1251/3/96
f 1250/2/97 1249/4/97 1254/5/97
f 1249/6/98 1251/7/98 1252/8/98
f 1249/9/99 1252/8/99 1253/10/99
f 1249/11/100 1253/10/100 1254/5/100
f 1250/2/367 1254/5/367 1259/12/367
f 1251/3/102 1250/2/102 1255/13/102
f 1252/8/103 1251/7/103 1256/14/103
f 1253/10/104 1252/8/104 1257/15/104
f 1254/5/105 1253/10/105 1258/16/105
f 1250/2/106 1259/12/106 1255/13/106
f 1251/3/107 1255/13/107 1256/17/107
f 1252/8/375 1256/14/375 1257/15/375
f 1253/10/376 1257/15/376 1258/16/376
f 1254/5/110 1258/16/110 1259/12/110
f 1255/13/111 1259/12/111 1260/18/111
f 1256/17/112 1255/13/112 1260/19/112
f 1257/15/113 1256/14/113 1260/20/113
f 1258/16/114 1257/15/114 1260/21/114
f 1259/12/115 1258/16/115 1260/22/115
f 1261/1/116 1262/2/116 1263/3/116
f 1262/2/117 1261/4/117 1266/5/117
f 1261/6/118 1263/7/118 1264/8/118
f 1261/9/119 1264/8/119 1265/10/119
f 1261/11/368 1265/10/368 1266/5/368
f 1262/2/121 1266/5/121 1271/12/121
f 1263/3/122 1262/2/122 1267/13/122
f 1264/8/123 1263/7/123 1268/14/123
f 1265/10/124 1264/8/124 1269/15/124
f 1266/5/125 1265/10/125 1270/16/125
f 1262/2/126 1271/12/126 1267/13/126
f 1263/3/127 1267/13/127 1268/17/127
f 1264/8/128 1268/14/128 1269/15/128
f 1265/10/129 1269/15/129 1270/16/129
f 1266/5/130 1270/16/130 1271/12/130
f 1267/13/131 1271/12/131 1272/18/131
f 1268/17/272 1267/13/272 1272/19/272
f 1269/15/133 1268/14/133 1272/20/133
f 1270/16/134 1269/15/134 1272/21/134
f 1271/12/135 1270/16/135 1272/22/135
f 1273/1/136 1274/2/136 1275/3/136
f 1274/2/137 1273/4/137 1278/5/137
f 1273/6/138 1275/7/138 1276/8/138
f 1273/9/408 1276/8/408 1277/10/408
f 1273/11/140 1277/10/140 1278/5/140
f 1274/2/410 1278/5/410 1283/12/410
f 1275/3/142 1274/2/142 1279/13/142
f 1276/8/143 1275/7/143 1280/14/143
f 1277/10/144 1276/8/144 1281/15/144
f 1278/5/145 1277/10/145 1282/16/145
f 1274/2/146 1283/12/146 1279/13/146
f 1275/3/147 1279/13/147 1280/17/147
f 1276/8/148 1280/14/148 1281/15/148
f 1277/10/149 1281/15/149 1282/16/149
f 1278/5/150 1282/16/150 1283/12/150
f 1279/13/151 1283/12/151 1284/18/151
f 1280/17/152 1279/13/152 1284/19/152
f 1281/15/153 1280/14/153 1284/20/153
f 1282/16/154 1281/15/154 1284/21/154
f 1283/12/369 1282/16/369 1284/22/369
f 1285/1/156 1286/2/156 1287/3/156
f 1286/2/273 1285/4/273 1290/5/273
f 1285/6/158 1287/7/158 1288/8/158
f 1285/9/159 1288/8/159 1289/10/159
f 1285/11/160 1289/10/160 1290/5/160
f 1286/2/161 1290/5/161 1295/12/161
f 1287/3/162 1286/2/162 1291/13/162
f 1288/8/274 1287/7/274 1292/14/274
f 1289/10/370 1288/8/370 1293/15/370
f 1290/5/165 1289/10/165 1294/16/165
f 1286/2/275 1295/12/275 1291/13/275
f 1287/3/167 1291/13/167 1292/17/167
f 1288/8/168 1292/14/168 1293/15/168
f 1289/10/169 1293/15/169 1294/16/169
f 1290/5/371 1294/16/371 1295/12/371
f 1291/13/379 1295/12/379 1296/18/379
f 1292/17/172 1291/13/172 1296/19/172
f 1293/15/276 1292/14/276 1296/20/276
f 1294/16/373 1293/15/373 1296/21/373
f 1295/12/175 1294/16/175 1296/22/175
f 1297/1/96 1298/2/96 1299/3/96
f 1298/2/97 1297/4/97 1302/5/97
f 1297/6/98 1299/7/98 1300/8/98
f 1297/9/99 1300/8/99 1301/10/99
f 1297/11/100 1301/10/100 1302/5/100
f 1298/2/367 1302/5/367 1307/12/367
f 1299/3/102 1298/2/102 1303/13/102
f 1300/8/103 1299/7/103 1304/14/103
f 1301/10/104 1300/8/104 1305/15/104
f 1302/5/105 1301/10/105 1306/16/105
f 1298/2/106 1307/12/106 1303/13/106
f 1299/3/107 1303/13/107 1304/17/107
f 1300/8/375 1304/14/375 1305/15/375
f 1301/10/376 1305/15/376 1306/16/376
f 1302/5/110 1306/16/110 1307/12/110
f 1303/13/111 1307/12/111 1308/18/111
f 1304/17/112 1303/13/112 1308/19/112
f 1305/15/113 1304/14/113 1308/20/113
f 1306/16/114 1305/15/114 1308/21/114
f 1307/12/115 1306/16/115 1308/22/115
f 1309/1/116 1310/2/116 1311/3/116
f 1310/2/117 1309/4/117 1314/5/117
f 1309/6/118 1311/7/118 1312/8/118
f 1309/9/119 1312/8/119 1313/10/119
f 1309/11/368 1313/10/368 1314/5/368
f 1310/2/121 1314/5/121 1319/12/121
f 1311/3/122 1310/2/122 1315/13/122
f 1312/8/123 1311/7/123 1316/14/123
f 1313/10/124 1312/8/124 1317/15/124
f 1314/5/125 1313/10/125 1318/16/125
f 1310/2/126 1319/12/126 1315/13/126
f 1311/3/127 1315/13/127 1316/17/127
f 1312/8/128 1316/14/128 1317/15/128
f 1313/10/129 1317/15/129 1318/16/129
f 1314/5/130 1318/16/130 1319/12/130
f 1315/13/131 1319/12/131 1320/18/131
f 1316/17/272 1315/13/272 1320/19/272
f 1317/15/133 1316/14/133 1320/20/133
f 1318/16/134 1317/15/134 1320/21/134
f 1319/12/135 1318/16/135 1320/22/135
f 1321/1/136 1322/2/136 1323/3/136
f 1322/2/137 1321/4/137 1326/5/137
f 1321/6/138 1323/7/138 1324/8/138
f 1321/9/408 1324/8/408 1325/10/408
f 1321/11/140 1325/10/140 1326/5/140
f 1322/2/141 1326/5/141 1331/12/141
f 1323/3/142 1322/2/142 1327/13/142
f 1324/8/143 1323/7/143 1328/14/143
f 1325/10/144 1324/8/144 1329/15/144
f 1326/5/145 1325/10/145 1330/16/145
f 1322/2/146 1331/12/146 1327/13/146
f 1323/3/147 1327/13/147 1328/17/147
f 1324/8/148 1328/14/148 1329/15/148
f 1325/10/149 1329/15/149 1330/16/149
f 1326/5/150 1330/16/150 1331/12/150
f 1327/13/151 1331/12/151 1332/18/151
f 1328/17/152 1327/13/152 1332/19/152
f 1329/15/153 1328/14/153 1332/20/153
f 1330/16/154 1329/15/154 1332/21/154
f 1331/12/369 1330/16/369 1332/22/369
f 1333/1/377 1334/2/377 1335/3/377
f 1334/2/157 1333/4/157 1338/5/157
f 1333/6/158 1335/7/158 1336/8/158
f 1333/9/159 1336/8/159 1337/10/159
f 1333/11/160 1337/10/160 1338/5/160
f 1334/2/161 1338/5/161 1343/12/161
f 1335/3/162 1334/2/162 1339/13/162
f 1336/8/163 1335/7/163 1340/14/163
f 1337/10/164 1336/8/164 1341/15/164
f 1338/5/165 1337/10/165 1342/16/165
f 1334/2/166 1343/12/166 1339/13/166
f 1335/3/167 1339/13/167 1340/17/167
f 1336/8/168 1340/14/168 1341/15/168
f 1337/10/169 1341/15/169 1342/16/169
f 1338/5/170 1342/16/170 1343/12/170
f 1339/13/171 1343/12/171 1344/18/171
f 1340/17/380 1339/13/380 1344/19/380
f 1341/15/173 1340/14/173 1344/20/173
f 1342/16/174 1341/15/174 1344/21/174
f 1343/12/175 1342/16/175 1344/22/175
f 1345/1/1 1346/2/1 1347/3/1
f 1346/2/2 1345/4/2 1350/5/2
f 1345/6/3 1347/7/3 1348/8/3
f 1345/9/4 1348/8/4 1349/10/4
f 1345/11/5 1349/10/5 1350/5/5
f 1346/2/6 1350/5/6 1355/12/6
f 1347/3/7 1346/2/7 1351/13/7
f 1348/8/8 1347/7/8 1352/14/8
f 1349/10/9 1348/8/9 1353/15/9
f 1350/5/10 1349/10/10 1354/16/10
f 1346/2/11 1355/12/11 1351/13/11
f 1347/3/12 1351/13/12 1352/17/12
f 1348/8/13 1352/14/13 1353/15/13
f 1349/10/82 1353/15/82 1354/16/82
f 1350/5/15 1354/16/15 1355/12/15
f 1351/13/16 1355/12/16 1356/18/16
f 1352/17/17 1351/13/17 1356/19/17
f 1353/15/18 1352/14/18 1356/20/18
f 1354/16/19 1353/15/19 1356/21/19
f 1355/12/20 1354/16/20 1356/22/20
f 1357/1/21 1358/2/21 1359/3/21
f 1358/2/22 1357/4/22 1362/5/22
f 1357/6/23 1359/7/23 1360/8/23
f 1357/9/24 1360/8/24 1361/10/24
f 1357/11/83 1361/10/83 1362/5/83
f 1358/2/26 1362/5/26 1367/12/26
f 1359/3/27 1358/2/27 1363/13/27
f 1360/8/28 1359/7/28 1364/14/28
f 1361/10/29 1360/8/29 1365/15/29
f 1362/5/30 1361/10/30 1366/16/30
f 1358/2/31 1367/12/31 1363/13/31
f 1359/3/32 1363/13/32 1364/17/32
f 1360/8/33 1364/14/33 1365/15/33
f 1361/10/34 1365/15/34 1366/16/34
f 1362/5/35 1366/16/35 1367/12/35
f 1363/13/36 1367/12/36 1368/18/36
f 1364/17/37 1363/13/37 1368/19/37
f 1365/15/38 1364/14/38 1368/20/38
f 1366/16/39 1365/15/39 1368/21/39
f 1367/12/40 1366/16/40 1368/22/40
f 1369/1/41 1370/2/41 1371/3/41
f 1370/2/42 1369/4/42 1374/5/42
f 1369/6/43 1371/7/43 1372/8/43
f 1369/9/44 1372/8/44 1373/10/44
f 1369/11/45 1373/10/45 1374/5/45
f 1370/2/46 1374/5/46 1379/12/46
f 1371/3/47 1370/2/47 1375/13/47
f 1372/8/48 1371/7/48 1376/14/48
f 1373/10/49 1372/8/49 1377/15/49
f 1374/5/50 1373/10/50 1378/16/50
f 1370/2/51 1379/12/51 1375/13/51
f 1371/3/52 1375/13/52 1376/17/52
f 1372/8/53 1376/14/53 1377/15/53
f 1373/10/54 1377/15/54 1378/16/54
f 1374/5/55 1378/16/55 1379/12/55
f 1375/13/56 1379/12/56 1380/18/56
f 1376/17/57 1375/13/57 1380/19/57
f 1377/15/58 1376/14/58 1380/20/58
f 1378/16/59 1377/15/59 1380/21/59
f 1379/12/400 1378/16/400 1380/22/400
f 1381/1/359 1382/2/359 1383/3/359
f 1382/2/62 1381/4/62 1386/5/62
f 1381/6/63 1383/7/63 1384/8/63
f 1381/9/64 1384/8/64 1385/10/64
f 1381/11/265 1385/10/265 1386/5/265
f 1382/2/66 1386/5/66 1391/12/66
f 1383/3/67 1382/2/67 1387/13/67
f 1384/8/402 1383/7/402 1388/14/402
f 1385/10/403 1384/8/403 1389/15/403
f 1386/5/70 1385/10/70 1390/16/70
f 1382/2/404 1391/12/404 1387/13/404
f 1383/3/72 1387/13/72 1388/17/72
f 1384/8/73 1388/14/73 1389/15/73
f 1385/10/74 1389/15/74 1390/16/74
f 1386/5/405 1390/16/405 1391/12/405
f 1387/13/76 1391/12/76 1392/18/76
f 1388/17/77 1387/13/77 1392/19/77
f 1389/15/78 1388/14/78 1392/20/78
f 1390/16/270 1389/15/270 1392/21/270
f 1391/12/80 1390/16/80 1392/22/80
f 1393/1/176 1394/2/176 1395/3/176
f 1394/2/177 1393/4/177 1398/5/177
f 1393/6/178 1395/7/178 1396/8/178
f 1393/9/179 1396/8/179 1397/10/179
f 1393/11/180 1397/10/180 1398/5/180
f 1394/2/382 1398/5/382 1403/12/382
f 1395/3/182 1394/2/182 1399/13/182
f 1396/8/183 1395/7/183 1400/14/183
f 1397/10/184 1396/8/184 1401/15/184
f 1398/5/185 1397/10/185 1402/16/185
f 1394/2/186 1403/12/186 1399/13/186
f 1395/3/187 1399/13/187 1400/17/187
f 1396/8/385 1400/14/385 1401/15/385
f 1397/10/386 1401/15/386 1402/16/386
f 1398/5/190 1402/16/190 1403/12/190
f 1399/13/191 1403/12/191 1404/18/191
f 1400/17/192 1399/13/192 1404/19/192
f 1401/15/193 1400/14/193 1404/20/193
f 1402/16/194 1401/15/194 1404/21/194
f 1403/12/195 1402/16/195 1404/22/195
f 1405/1/196 1406/2/196 1407/3/196
f 1406/2/197 1405/4/197 1410/5/197
f 1405/6/198 1407/7/198 1408/8/198
f 1405/9/199 1408/8/199 1409/10/199
f 1405/11/200 1409/10/200 1410/5/200
f 1406/2/201 1410/5/201 1415/12/201
f 1407/3/202 1406/2/202 1411/13/202
f 1408/8/203 1407/7/203 1412/14/203
f 1409/10/204 1408/8/204 1413/15/204
f 1410/5/205 1409/10/205 1414/16/205
f 1406/2/206 1415/12/206 1411/13/206
f 1407/3/207 1411/13/207 1412/17/207
f 1408/8/208 1412/14/208 1413/15/208
f 1409/10/387 1413/15/387 1414/16/387
f 1410/5/210 1414/16/210 1415/12/210
f 1411/13/211 1415/12/211 1416/18/211
f 1412/17/388 1411/13/388 1416/19/388
f 1413/15/213 1412/14/213 1416/20/213
f 1414/16/214 1413/15/214 1416/21/214
f 1415/12/215 1414/16/215 1416/22/215
f 1417/1/216 1418/2/216 1419/3/216
f 1418/2/217 1417/4/217 1422/5/217
f 1417/6/218 1419/7/218 1420/8/218
f 1417/9/407 1420/8/407 1421/10/407
f 1417/11/220 1421/10/220 1422/5/220
f 1418/2/221 1422/5/221 1427/12/221
f 1419/3/222 1418/2/222 1423/13/222
f 1420/8/223 1419/7/223 1424/14/223
f 1421/10/224 1420/8/224 1425/15/224
f 1422/5/225 1421/10/225 1426/16/225
f 1418/2/226 1427/12/226 1423/13/226
f 1419/3/227 1423/13/227 1424/17/227
f 1420/8/228 1424/14/228 1425/15/228
f 1421/10/229 1425/15/229 1426/16/229
f 1422/5/230 1426/16/230 1427/12/230
f 1423/13/231 1427/12/231 1428/18/231
f 1424/17/232 1423/13/232 1428/19/232
f 1425/15/233 1424/14/233 1428/20/233
f 1426/16/234 1425/15/234 1428/21/234
f 1427/12/390 1426/16/390 1428/22/390
f 1429/1/236 1430/2/236 1431/3/236
f 1430/2/237 1429/4/237 1434/5/237
f 1429/6/238 1431/7/238 1432/8/238
f 1429/9/239 1432/8/239 1433/10/239
f 1429/11/240 1433/10/240 1434/5/240
f 1430/2/241 1434/5/241 1439/12/241
f 1431/3/242 1430/2/242 1435/13/242
f 1432/8/243 1431/7/243 1436/14/243
f 1433/10/392 1432/8/392 1437/15/392
f 1434/5/245 1433/10/245 1438/16/245
f 1430/2/393 1439/12/393 1435/13/393
f 1431/3/247 1435/13/247 1436/17/247
f 1432/8/248 1436/14/248 1437/15/248
f 1433/10/249 1437/15/249 1438/16/249
f 1434/5/250 1438/16/250 1439/12/250
f 1435/13/394 1439/12/394 1440/18/394
f 1436/17/395 1435/13/395 1440/19/395
f 1437/15/260 1436/14/260 1440/20/260
f 1438/16/261 1437/15/261 1440/21/261
f 1439/12/255 1438/16/255 1440/22/255
f 1441/1/1 1442/2/1 1443/3/1
f 1442/2/2 1441/4/2 1446/5/2
f 1441/6/3 1443/7/3 1444/8/3
f 1441/9/4 1444/8/4 1445/10/4
f 1441/11/5 1445/10/5 1446/5/5
f 1442/2/6 1446/5/6 1451/12/6
f 1443/3/81 1442/2/81 1447/13/81
f 1444/8/8 1443/7/8 1448/14/8
f 1445/10/9 1444/8/9 1449/15/9
f 1446/5/10 1445/10/10 1450/16/10
f 1442/2/11 1451/12/11 1447/13/11
f 1443/3/12 1447/13/12 1448/17/12
f 1444/8/13 1448/14/13 1449/15/13
f 1445/10/14 1449/15/14 1450/16/14
f 1446/5/15 1450/16/15 1451/12/15
f 1447/13/16 1451/12/16 1452/18/16
f 1448/17/17 1447/13/17 1452/19/17
f 1449/15/18 1448/14/18 1452/20/18
f 1450/16/19 1449/15/19 1452/21/19
f 1451/12/20 1450/16/20 1452/22/20
f 1453/1/21 1454/2/21 1455/3/21
f 1454/2/22 1453/4/22 1458/5/22
f 1453/6/23 1455/7/23 1456/8/23
f 1453/9/24 1456/8/24 1457/10/24
f 1453/11/25 1457/10/25 1458/5/25
f 1454/2/26 1458/5/26 1463/12/26
f 1455/3/84 1454/2/84 1459/13/84
f 1456/8/28 1455/7/28 1460/14/28
f 1457/10/29 1456/8/29 1461/15/29
f 1458/5/30 1457/10/30 1462/16/30
f 1454/2/31 1463/12/31 1459/13/31
f 1455/3/32 1459/13/32 1460/17/32
f 1456/8/33 1460/14/33 1461/15/33
f 1457/10/34 1461/15/34 1462/16/34
f 1458/5/35 1462/16/35 1463/12/35
f 1459/13/36 1463/12/36 1464/18/36
f 1460/17/262 1459/13/262 1464/19/262
f 1461/15/38 1460/14/38 1464/20/38
f 1462/16/39 1461/15/39 1464/21/39
f 1463/12/40 1462/16/40 1464/22/40
f 1465/1/41 1466/2/41 1467/3/41
f 1466/2/42 1465/4/42 1470/5/42
f 1465/6/43 1467/7/43 1468/8/43
f 1465/9/44 1468/8/44 1469/10/44
f 1465/11/45 1469/10/45 1470/5/45
f 1466/2/46 1470/5/46 1475/12/46
f 1467/3/47 1466/2/47 1471/13/47
f 1468/8/48 1467/7/48 1472/14/48
f 1469/10/49 1468/8/49 1473/15/49
f 1470/5/50 1469/10/50 1474/16/50
f 1466/2/51 1475/12/51 1471/13/51
f 1467/3/52 1471/13/52 1472/17/52
f 1468/8/53 1472/14/53 1473/15/53
f 1469/10/54 1473/15/54 1474/16/54
f 1470/5/55 1474/16/55 1475/12/55
f 1471/13/56 1475/12/56 1476/18/56
f 1472/17/57 1471/13/57 1476/19/57
f 1473/15/58 1472/14/58 1476/20/58
f 1474/16/59 1473/15/59 1476/21/59
f 1475/12/400 1474/16/400 1476/22/400
f 1477/1/359 1478/2/359 1479/3/359
f 1478/2/86 1477/4/86 1482/5/86
f 1477/6/63 1479/7/63 1480/8/63
f 1477/9/64 1480/8/64 1481/10/64
f 1477/11/265 1481/10/265 1482/5/265
f 1478/2/66 1482/5/66 1487/12/66
f 1479/3/67 1478/2/67 1483/13/67
f 1480/8/266 1479/7/266 1484/14/266
f 1481/10/267 1480/8/267 1485/15/267
f 1482/5/70 1481/10/70 1486/16/70
f 1478/2/404 1487/12/404 1483/13/404
f 1479/3/72 1483/13/72 1484/17/72
f 1480/8/73 1484/14/73 1485/15/73
f 1481/10/74 1485/15/74 1486/16/74
f 1482/5/75 1486/16/75 1487/12/75
f 1483/13/76 1487/12/76 1488/18/76
f 1484/17/93 1483/13/93 1488/19/93
f 1485/15/78 1484/14/78 1488/20/78
f 1486/16/79 1485/15/79 1488/21/79
f 1487/12/80 1486/16/80 1488/22/80
f 1489/1/96 1490/2/96 1491/3/96
f 1490/2/97 1489/4/97 1494/5/97
f 1489/6/98 1491/7/98 1492/8/98
f 1489/9/99 1492/8/99 1493/10/99
f 1489/11/100 1493/10/100 1494/5/100
f 1490/2/367 1494/5/367 1499/12/367
f 1491/3/374 1490/2/374 1495/13/374
f 1492/8/103 1491/7/103 1496/14/103
f 1493/10/104 1492/8/104 1497/15/104
f 1494/5/105 1493/10/105 1498/16/105
f 1490/2/106 1499/12/106 1495/13/106
f 1491/3/107 1495/13/107 1496/17/107
f 1492/8/375 1496/14/375 1497/15/375
f 1493/10/109 1497/15/109 1498/16/109
f 1494/5/110 1498/16/110 1499/12/110
f 1495/13/111 1499/12/111 1500/18/111
f 1496/17/112 1495/13/112 1500/19/112
f 1497/15/113 1496/14/113 1500/20/113
f 1498/16/114 1497/15/114 1500/21/114
f 1499/12/115 1498/16/115 1500/22/115
f 1501/1/116 1502/2/116 1503/3/116
f 1502/2/117 1501/4/117 1506/5/117
f 1501/6/118 1503/7/118 1504/8/118
f 1501/9/119 1504/8/119 1505/10/119
f 1501/11/368 1505/10/368 1506/5/368
f 1502/2/121 1506/5/121 1511/12/121
f 1503/3/122 1502/2/122 1507/13/122
f 1504/8/123 1503/7/123 1508/14/123
f 1505/10/124 1504/8/124 1509/15/124
f 1506/5/125 1505/10/125 1510/16/125
f 1502/2/126 1511/12/126 1507/13/126
f 1503/3/127 1507/13/127 1508/17/127
f 1504/8/128 1508/14/128 1509/15/128
f 1505/10/129 1509/15/129 1510/16/129
f 1506/5/130 1510/16/130 1511/12/130
f 1507/13/131 1511/12/131 1512/18/131
f 1508/17/272 1507/13/272 1512/19/272
f 1509/15/133 1508/14/133 1512/20/133
f 1510/16/134 1509/15/134 1512/21/134
f 1511/12/135 1510/16/135 1512/22/135
f 1513/1/136 1514/2/136 1515/3/136
f 1514/2/137 1513/4/137 1518/5/137
f 1513/6/399 1515/7/399 1516/8/399
f 1513/9/139 1516/8/139 1517/10/139
f 1513/11/140 1517/10/140 1518/5/140
f 1514/2/141 1518/5/141 1523/12/141
f 1515/3/142 1514/2/142 1519/13/142
f 1516/8/143 1515/7/143 1520/14/143
f 1517/10/144 1516/8/144 1521/15/144
f 1518/5/145 1517/10/145 1522/16/145
f 1514/2/146 1523/12/146 1519/13/146
f 1515/3/147 1519/13/147 1520/17/147
f 1516/8/148 1520/14/148 1521/15/148
f 1517/10/149 1521/15/149 1522/16/149
f 1518/5/150 1522/16/150 1523/12/150
f 1519/13/151 1523/12/151 1524/18/151
f 1520/17/152 1519/13/152 1524/19/152
f 1521/15/153 1520/14/153 1524/20/153
f 1522/16/154 1521/15/154 1524/21/154
f 1523/12/369 1522/16/369 1524/22/369
f 1525/1/377 1526/2/377 1527/3/377
f 1526/2/157 1525/4/157 1530/5/157
f 1525/6/158 1527/7/158 1528/8/158
f 1525/9/159 1528/8/159 1529/10/159
f 1525/11/378 1529/10/378 1530/5/378
f 1526/2/161 1530/5/161 1535/12/161
f 1527/3/162 1526/2/162 1531/13/162
f 1528/8/274 1527/7/274 1532/14/274
f 1529/10/370 1528/8/370 1533/15/370
f 1530/5/165 1529/10/165 1534/16/165
f 1526/2/166 1535/12/166 1531/13/166
f 1527/3/167 1531/13/167 1532/17/167
f 1528/8/168 1532/14/168 1533/15/168
f 1529/10/169 1533/15/169 1534/16/169
f 1530/5/170 1534/16/170 1535/12/170
f 1531/13/379 1535/12/379 1536/18/379
f 1532/17/380 1531/13/380 1536/19/380
f 1533/15/173 1532/14/173 1536/20/173
f 1534/16/381 1533/15/381 1536/21/381
f 1535/12/277 1534/16/277 1536/22/277
f 1537/1/176 1538/2/176 1539/3/176
f 1538/2/177 1537/4/177 1542/5/177
f 1537/6/178 1539/7/178 1540/8/178
f 1537/9/179 1540/8/179 1541/10/179
f 1537/11/180 1541/10/180 1542/5/180
f 1538/2/382 1542/5/382 1547/12/382
f 1539/3/383 1538/2/383 1543/13/383
f 1540/8/183 1539/7/183 1544/14/183
f 1541/10/184 1540/8/184 1545/15/184
f 1542/5/185 1541/10/185 1546/16/185
f 1538/2/186 1547/12/186 1543/13/186
f 1539/3/187 1543/13/187 1544/17/187
f 1540/8/385 1544/14/385 1545/15/385
f 1541/10/386 1545/15/386 1546/16/386
f 1542/5/190 1546/16/190 1547/12/190
f 1543/13/191 1547/12/191 1548/18/191
f 1544/17/192 1543/13/192 1548/19/192
f 1545/15/193 1544/14/193 1548/20/193
f 1546/16/194 1545/15/194 1548/21/194
f 1547/12/195 1546/16/195 1548/22/195
f 1549/1/196 1550/2/196 1551/3/196
f 1550/2/197 1549/4/197 1554/5/197
f 1549/6/198 1551/7/198 1552/8/198
f 1549/9/199 1552/8/199 1553/10/199
f 1549/11/200 1553/10/200 1554/5/200
f 1550/2/201 1554/5/201 1559/12/201
f 1551/3/202 1550/2/202 1555/13/202
f 1552/8/203 1551/7/203 1556/14/203
f 1553/10/204 1552/8/204 1557/15/204
f 1554/5/205 1553/10/205 1558/16/205
f 1550/2/206 1559/12/206 1555/13/206
f 1551/3/207 1555/13/207 1556/17/207
f 1552/8/208 1556/14/208 1557/15/208
f 1553/10/387 1557/15/387 1558/16/387
f 1554/5/210 1558/16/210 1559/12/210
f 1555/13/211 1559/12/211 1560/18/211
f 1556/17/388 1555/13/388 1560/19/388
f 1557/15/213 1556/14/213 1560/20/213
f 1558/16/214 1557/15/214 1560/21/214
f 1559/12/215 1558/16/215 1560/22/215
f 1561/1/216 1562/2/216 1563/3/216
f 1562/2/217 1561/4/217 1566/5/217
f 1561/6/218 1563/7/218 1564/8/218
f 1561/9/219 1564/8/219 1565/10/219
f 1561/11/220 1565/10/220 1566/5/220
f 1562/2/221 1566/5/221 1571/12/221
f 1563/3/222 1562/2/222 1567/13/222
f 1564/8/223 1563/7/223 1568/14/223
f 1565/10/224 1564/8/224 1569/15/224
f 1566/5/225 1565/10/225 1570/16/225
f 1562/2/226 1571/12/226 1567/13/226
f 1563/3/227 1567/13/227 1568/17/227
f 1564/8/228 1568/14/228 1569/15/228
f 1565/10/229 1569/15/229 1570/16/229
f 1566/5/230 1570/16/230 1571/12/230
f 1567/13/231 1571/12/231 1572/18/231
f 1568/17/232 1567/13/232 1572/19/232
f 1569/15/233 1568/14/233 1572/20/233
f 1570/16/234 1569/15/234 1572/21/234
f 1571/12/390 1570/16/390 1572/22/390
f 1573/1/236 1574/2/236 1575/3/236
f 1574/2/237 1573/4/237 1578/5/237
f 1573/6/238 1575/7/238 1576/8/238
f 1573/9/239 1576/8/239 1577/10/239
f 1573/11/240 1577/10/240 1578/5/240
f 1574/2/241 1578/5/241 1583/12/241
f 1575/3/242 1574/2/242 1579/13/242
f 1576/8/258 1575/7/258 1580/14/258
f 1577/10/392 1576/8/392 1581/15/392
f 1578/5/245 1577/10/245 1582/16/245
f 1574/2/393 1583/12/393 1579/13/393
f 1575/3/247 1579/13/247 1580/17/247
f 1576/8/248 1580/14/248 1581/15/248
f 1577/10/249 1581/15/249 1582/16/249
f 1578/5/259 1582/16/259 1583/12/259
f 1579/13/394 1583/12/394 1584/18/394
f 1580/17/395 1579/13/395 1584/19/395
f 1581/15/260 1580/14/260 1584/20/260
f 1582/16/396 1581/15/396 1584/21/396
f 1583/12/397 1582/16/397 1584/22/397
f 1585/1/1 1586/2/1 1587/3/1
f 1586/2/2 1585/4/2 1590/5/2
f 1585/6/3 1587/7/3 1588/8/3
f 1585/9/4 1588/8/4 1589/10/4
f 1585/11/5 1589/10/5 1590/5/5
f 1586/2/6 1590/5/6 1595/12/6
f 1587/3/81 1586/2/81 1591/13/81
f 1588/8/8 1587/7/8 1592/14/8
f 1589/10/9 1588/8/9 1593/15/9
f 1590/5/10 1589/10/10 1594/16/10
f 1586/2/11 1595/12/11 1591/13/11
f 1587/3/12 1591/13/12 1592/17/12
f 1588/8/13 1592/14/13 1593/15/13
f 1589/10/14 1593/15/14 1594/16/14
f 1590/5/15 1594/16/15 1595/12/15
f 1591/13/16 1595/12/16 1596/18/16
f 1592/17/17 1591/13/17 1596/19/17
f 1593/15/18 1592/14/18 1596/20/18
f 1594/16/19 1593/15/19 1596/21/19
f 1595/12/20 1594/16/20 1596/22/20
f 1597/1/21 1598/2/21 1599/3/21
f 1598/2/22 1597/4/22 1602/5/22
f 1597/6/23 1599/7/23 1600/8/23
f 1597/9/24 1600/8/24 1601/10/24
f 1597/11/83 1601/10/83 1602/5/83
f 1598/2/26 1602/5/26 1607/12/26
f 1599/3/84 1598/2/84 1603/13/84
f 1600/8/28 1599/7/28 1604/14/28
f 1601/10/29 1600/8/29 1605/15/29
f 1602/5/30 1601/10/30 1606/16/30
f 1598/2/31 1607/12/31 1603/13/31
f 1599/3/32 1603/13/32 1604/17/32
f 1600/8/33 1604/14/33 1605/15/33
f 1601/10/34 1605/15/34 1606/16/34
f 1602/5/35 1606/16/35 1607/12/35
f 1603/13/36 1607/12/36 1608/18/36
f 1604/17/37 1603/13/37 1608/19/37
f 1605/15/38 1604/14/38 1608/20/38
f 1606/16/39 1605/15/39 1608/21/39
f 1607/12/40 1606/16/40 1608/22/40
f 1609/1/41 1610/2/41 1611/3/41
f 1610/2/42 1609/4/42 1614/5/42
f 1609/6/43 1611/7/43 1612/8/43
f 1609/9/44 1612/8/44 1613/10/44
f 1609/11/45 1613/10/45 1614/5/45
f 1610/2/46 1614/5/46 1619/12/46
f 1611/3/47 1610/2/47 1615/13/47
f 1612/8/48 1611/7/48 1616/14/48
f 1613/10/49 1612/8/49 1617/15/49
f 1614/5/50 1613/10/50 1618/16/50
f 1610/2/51 1619/12/51 1615/13/51
f 1611/3/52 1615/13/52 1616/17/52
f 1612/8/53 1616/14/53 1617/15/53
f 1613/10/54 1617/15/54 1618/16/54
f 1614/5/55 1618/16/55 1619/12/55
f 1615/13/56 1619/12/56 1620/18/56
f 1616/17/57 1615/13/57 1620/19/57
f 1617/15/58 1616/14/58 1620/20/58
f 1618/16/59 1617/15/59 1620/21/59
f 1619/12/400 1618/16/400 1620/22/400
f 1621/1/359 1622/2/359 1623/3/359
f 1622/2/86 1621/4/86 1626/5/86
f 1621/6/63 1623/7/63 1624/8/63
f 1621/9/401 1624/8/401 1625/10/401
f 1621/11/265 1625/10/265 1626/5/265
f 1622/2/66 1626/5/66 1631/12/66
f 1623/3/67 1622/2/67 1627/13/67
f 1624/8/402 1623/7/402 1628/14/402
f 1625/10/403 1624/8/403 1629/15/403
f 1626/5/70 1625/10/70 1630/16/70
f 1622/2/404 1631/12/404 1627/13/404
f 1623/3/72 1627/13/72 1628/17/72
f 1624/8/73 1628/14/73 1629/15/73
f 1625/10/74 1629/15/74 1630/16/74
f 1626/5/405 1630/16/405 1631/12/405
f 1627/13/76 1631/12/76 1632/18/76
f 1628/17/77 1627/13/77 1632/19/77
f 1629/15/78 1628/14/78 1632/20/78
f 1630/16/270 1629/15/270 1632/21/270
f 1631/12/95 1630/16/95 1632/22/95
f 1633/1/96 1634/2/96 1635/3/96
f 1634/2/97 1633/4/97 1638/5/97
f 1633/6/98 1635/7/98 1636/8/98
f 1633/9/99 1636/8/99 1637/10/99
f 1633/11/100 1637/10/100 1638/5/100
f 1634/2/367 1638/5/367 1643/12/367
f 1635/3/374 1634/2/374 1639/13/374
f 1636/8/103 1635/7/103 1640/14/103
f 1637/10/104 1636/8/104 1641/15/104
f 1638/5/105 1637/10/105 1642/16/105
f 1634/2/106 1643/12/106 1639/13/106
f 1635/3/107 1639/13/107 1640/17/107
f 1636/8/375 1640/14/375 1641/15/375
f 1637/10/376 1641/15/376 1642/16/376
f 1638/5/110 1642/16/110 1643/12/110
f 1639/13/111 1643/12/111 1644/18/111
f 1640/17/112 1639/13/112 1644/19/112
f 1641/15/113 1640/14/113 1644/20/113
f 1642/16/114 1641/15/114 1644/21/114
f 1643/12/115 1642/16/115 1644/22/115
f 1645/1/116 1646/2/116 1647/3/116
f 1646/2/117 1645/4/117 1650/5/117
f 1645/6/118 1647/7/118 1648/8/118
f 1645/9/119 1648/8/119 1649/10/119
f 1645/11/368 1649/10/368 1650/5/368
f 1646/2/121 1650/5/121 1655/12/121
f 1647/3/122 1646/2/122 1651/13/122
f 1648/8/123 1647/7/123 1652/14/123
f 1649/10/124 1648/8/124 1653/15/124
f 1650/5/125 1649/10/125 1654/16/125
f 1646/2/126 1655/12/126 1651/13/126
f 1647/3/127 1651/13/127 1652/17/127
f 1648/8/128 1652/14/128 1653/15/128
f 1649/10/129 1653/15/129 1654/16/129
f 1650/5/130 1654/16/130 1655/12/130
f 1651/13/131 1655/12/131 1656/18/131
f 1652/17/272 1651/13/272 1656/19/272
f 1653/15/133 1652/14/133 1656/20/133
f 1654/16/134 1653/15/134 1656/21/134
f 1655/12/135 1654/16/135 1656/22/135
f 1657/1/136 1658/2/136 1659/3/136
f 1658/2/137 1657/4/137 1662/5/137
f 1657/6/399 1659/7/399 1660/8/399
f 1657/9/139 1660/8/139 1661/10/139
f 1657/11/140 1661/10/140 1662/5/140
f 1658/2/141 1662/5/141 1667/12/141
f 1659/3/142 1658/2/142 1663/13/142
f 1660/8/143 1659/7/143 1664/14/143
f 1661/10/144 1660/8/144 1665/15/144
f 1662/5/145 1661/10/145 1666/16/145
f 1658/2/146 1667/12/146 1663/13/146
f 1659/3/147 1663/13/147 1664/17/147
f 1660/8/148 1664/14/148 1665/15/148
f 1661/10/149 1665/15/149 1666/16/149
f 1662/5/150 1666/16/150 1667/12/150
f 1663/13/151 1667/12/151 1668/18/151
f 1664/17/152 1663/13/152 1668/19/152
f 1665/15/153 1664/14/153 1668/20/153
f 1666/16/154 1665/15/154 1668/21/154
f 1667/12/369 1666/16/369 1668/22/369
f 1669/1/377 1670/2/377 1671/3/377
f 1670/2/157 1669/4/157 1674/5/157
f 1669/6/158 1671/7/158 1672/8/158
f 1669/9/159 1672/8/159 1673/10/159
f 1669/11/160 1673/10/160 1674/5/160
f 1670/2/161 1674/5/161 1679/12/161
f 1671/3/162 1670/2/162 1675/13/162
f 1672/8/274 1671/7/274 1676/14/274
f 1673/10/370 1672/8/370 1677/15/370
f 1674/5/165 1673/10/165 1678/16/165
f 1670/2/166 1679/12/166 1675/13/166
f 1671/3/167 1675/13/167 1676/17/167
f 1672/8/168 1676/14/168 1677/15/168
f 1673/10/169 1677/15/169 1678/16/169
f 1674/5/170 1678/16/170 1679/12/170
f 1675/13/379 1679/12/379 1680/18/379
f 1676/17/380 1675/13/380 1680/19/380
f 1677/15/173 1676/14/173 1680/20/173
f 1678/16/381 1677/15/381 1680/21/381
f 1679/12/277 1678/16/277 1680/22/277
f 1681/1/96 1682/2/96 1683/3/96
f 1682/2/97 1681/4/97 1686/5/97
f 1681/6/98 1683/7/98 1684/8/98
f 1681/9/99 1684/8/99 1685/10/99
f 1681/11/100 1685/10/100 1686/5/100
f 1682/2/101 1686/5/101 1691/12/101
f 1683/3/102 1682/2/102 1687/13/102
f 1684/8/103 1683/7/103 1688/14/103
f 1685/10/104 1684/8/104 1689/15/104
f 1686/5/105 1685/10/105 1690/16/105
f 1682/2/106 1691/12/106 1687/13/106
f 1683/3/107 1687/13/107 1688/17/107
f 1684/8/108 1688/14/108 1689/15/108
f 1685/10/109 1689/15/109 1690/16/109
f 1686/5/110 1690/16/110 1691/12/110
f 1687/13/111 1691/12/111 1692/18/111
f 1688/17/112 1687/13/112 1692/19/112
f 1689/15/113 1688/14/113 1692/20/113
f 1690/16/114 1689/15/114 1692/21/114
f 1691/12/115 1690/16/115 1692/22/115
f 1693/1/116 1694/2/116 1695/3/116
f 1694/2/117 1693/4/117 1698/5/117
f 1693/6/118 1695/7/118 1696/8/118
f 1693/9/119 1696/8/119 1697/10/119
f 1693/11/368 1697/10/368 1698/5/368
f 1694/2/121 1698/5/121 1703/12/121
f 1695/3/122 1694/2/122 1699/13/122
f 1696/8/123 1695/7/123 1700/14/123
f 1697/10/124 1696/8/124 1701/15/124
f 1698/5/125 1697/10/125 1702/16/125
f 1694/2/126 1703/12/126 1699/13/126
f 1695/3/127 1699/13/127 1700/17/127
f 1696/8/128 1700/14/128 1701/15/128
f 1697/10/129 1701/15/129 1702/16/129
f 1698/5/130 1702/16/130 1703/12/130
f 1699/13/131 1703/12/131 1704/18/131
f 1700/17/272 1699/13/272 1704/19/272
f 1701/15/133 1700/14/133 1704/20/133
f 1702/16/134 1701/15/134 1704/21/134
f 1703/12/135 1702/16/135 1704/22/135
f 1705/1/136 1706/2/136 1707/3/136
f 1706/2/411 1705/4/411 1710/5/411
f 1705/6/138 1707/7/138 1708/8/138
f 1705/9/139 1708/8/139 1709/10/139
f 1705/11/140 1709/10/140 1710/5/140
f 1706/2/141 1710/5/141 1715/12/141
f 1707/3/142 1706/2/142 1711/13/142
f 1708/8/143 1707/7/143 1712/14/143
f 1709/10/144 1708/8/144 1713/15/144
f 1710/5/145 1709/10/145 1714/16/145
f 1706/2/146 1715/12/146 1711/13/146
f 1707/3/147 1711/13/147 1712/17/147
f 1708/8/148 1712/14/148 1713/15/148
f 1709/10/149 1713/15/149 1714/16/149
f 1710/5/150 1714/16/150 1715/12/150
f 1711/13/151 1715/12/151 1716/18/151
f 1712/17/152 1711/13/152 1716/19/152
f 1713/15/153 1712/14/153 1716/20/153
f 1714/16/154 1713/15/154 1716/21/154
f 1715/12/369 1714/16/369 1716/22/369
f 1717/1/156 1718/2/156 1719/3/156
f 1718/2/157 1717/4/157 1722/5/157
f 1717/6/158 1719/7/158 1720/8/158
f 1717/9/159 1720/8/159 1721/10/159
f 1717/11/160 1721/10/160 1722/5/160
f 1718/2/161 1722/5/161 1727/12/161
f 1719/3/162 1718/2/162 1723/13/162
f 1720/8/274 1719/7/274 1724/14/274
f 1721/10/370 1720/8/370 1725/15/370
f 1722/5/165 1721/10/165 1726/16/165
f 1718/2/275 1727/12/275 1723/13/275
f 1719/3/167 1723/13/167 1724/17/167
f 1720/8/168 1724/14/168 1725/15/168
f 1721/10/169 1725/15/169 1726/16/169
f 1722/5/371 1726/16/371 1727/12/371
f 1723/13/379 1727/12/379 1728/18/379
f 1724/17/372 1723/13/372 1728/19/372
f 1725/15/276 1724/14/276 1728/20/276
f 1726/16/373 1725/15/373 1728/21/373
f 1727/12/175 1726/16/175 1728/22/175
f 1729/1/96 1730/2/96 1731/3/96
f 1730/2/97 1729/4/97 1734/5/97
f 1729/6/98 1731/7/98 1732/8/98
f 1729/9/99 1732/8/99 1733/10/99
f 1729/11/100 1733/10/100 1734/5/100
f 1730/2/101 1734/5/101 1739/12/101
f 1731/3/102 1730/2/102 1735/13/102
f 1732/8/103 1731/7/103 1736/14/103
f 1733/10/104 1732/8/104 1737/15/104
f 1734/5/105 1733/10/105 1738/16/105
f 1730/2/106 1739/12/106 1735/13/106
f 1731/3/107 1735/13/107 1736/17/107
f 1732/8/108 1736/14/108 1737/15/108
f 1733/10/109 1737/15/109 1738/16/109
f 1734/5/110 1738/16/110 1739/12/110
f 1735/13/111 1739/12/111 1740/18/111
f 1736/17/112 1735/13/112 1740/19/112
f 1737/15/113 1736/14/113 1740/20/113
f 1738/16/114 1737/15/114 1740/21/114
f 1739/12/115 1738/16/115 1740/22/115
f 1741/1/116 1742/2/116 1743/3/116
f 1742/2/117 1741/4/117 1746/5/117
f 1741/6/118 1743/7/118 1744/8/118
f 1741/9/119 1744/8/119 1745/10/119
f 1741/11/368 1745/10/368 1746/5/368
f 1742/2/121 1746/5/121 1751/12/121
f 1743/3/122 1742/2/122 1747/13/122
f 1744/8/123 1743/7/123 1748/14/123
f 1745/10/124 1744/8/124 1749/15/124
f 1746/5/125 1745/10/125 1750/16/125
f 1742/2/126 1751/12/126 1747/13/126
f 1743/3/127 1747/13/127 1748/17/127
f 1744/8/128 1748/14/128 1749/15/128
f 1745/10/129 1749/15/129 1750/16/129
f 1746/5/130 1750/16/130 1751/12/130
f 1747/13/131 1751/12/131 1752/18/131
f 1748/17/272 1747/13/272 1752/19/272
f 1749/15/133 1748/14/133 1752/20/133
f 1750/16/134 1749/15/134 1752/21/134
f 1751/12/135 1750/16/135 1752/22/135
f 1753/1/136 1754/2/136 1755/3/136
f 1754/2/137 1753/4/137 1758/5/137
f 1753/6/138 1755/7/138 1756/8/138
f 1753/9/408 1756/8/408 1757/10/408
f 1753/11/140 1757/10/140 1758/5/140
f 1754/2/410 1758/5/410 1763/12/410
f 1755/3/142 1754/2/142 1759/13/142
f 1756/8/143 1755/7/143 1760/14/143
f 1757/10/144 1756/8/144 1761/15/144
f 1758/5/145 1757/10/145 1762/16/145
f 1754/2/146 1763/12/146 1759/13/146
f 1755/3/147 1759/13/147 1760/17/147
f 1756/8/148 1760/14/148 1761/15/148
f 1757/10/149 1761/15/149 1762/16/149
f 1758/5/150 1762/16/150 1763/12/150
f 1759/13/151 1763/12/151 1764/18/151
f 1760/17/152 1759/13/152 1764/19/152
f 1761/15/153 1760/14/153 1764/20/153
f 1762/16/154 1761/15/154 1764/21/154
f 1763/12/155 1762/16/155 1764/22/155
f 1765/1/156 1766/2/156 1767/3/156
f 1766/2/157 1765/4/157 1770/5/157
f 1765/6/158 1767/7/158 1768/8/158
f 1765/9/159 1768/8/159 1769/10/159
f 1765/11/160 1769/10/160 1770/5/160
f 1766/2/161 1770/5/161 1775/12/161
f 1767/3/162 1766/2/162 1771/13/162
f 1768/8/274 1767/7/274 1772/14/274
f 1769/10/370 1768/8/370 1773/15/370
f 1770/5/165 1769/10/165 1774/16/165
f 1766/2/166 1775/12/166 1771/13/166
f 1767/3/167 1771/13/167 1772/17/167
f 1768/8/168 1772/14/168 1773/15/168
f 1769/10/169 1773/15/169 1774/16/169
f 1770/5/371 1774/16/371 1775/12/371
f 1771/13/379 1775/12/379 1776/18/379
f 1772/17/372 1771/13/372 1776/19/372
f 1773/15/276 1772/14/276 1776/20/276
f 1774/16/373 1773/15/373 1776/21/373
f 1775/12/175 1774/16/175 1776/22/175
f 1777/1/96 1778/2/96 1779/3/96
f 1778/2/97 1777/4/97 1782/5/97
f 1777/6/98 1779/7/98 1780/8/98
f 1777/9/99 1780/8/99 1781/10/99
f 1777/11/100 1781/10/100 1782/5/100
f 1778/2/101 1782/5/101 1787/12/101
f 1779/3/102 1778/2/102 1783/13/102
f 1780/8/103 1779/7/103 1784/14/103
f 1781/10/104 1780/8/104 1785/15/104
f 1782/5/105 1781/10/105 1786/16/105
f 1778/2/106 1787/12/106 1783/13/106
f 1779/3/107 1783/13/107 1784/17/107
f 1780/8/108 1784/14/108 1785/15/108
f 1781/10/109 1785/15/109 1786/16/109
f 1782/5/110 1786/16/110 1787/12/110
f 1783/13/111 1787/12/111 1788/18/111
f 1784/17/112 1783/13/112 1788/19/112
f 1785/15/113 1784/14/113 1788/20/113
f 1786/16/114 1785/15/114 1788/21/114
f 1787/12/115 1786/16/115 1788/22/115
f 1789/1/116 1790/2/116 1791/3/116
f 1790/2/117 1789/4/117 1794/5/117
f 1789/6/118 1791/7/118 1792/8/118
f 1789/9/119 1792/8/119 1793/10/119
f 1789/11/368 1793/10/368 1794/5/368
f 1790/2/121 1794/5/121 1799/12/121
f 1791/3/122 1790/2/122 1795/13/122
f 1792/8/123 1791/7/123 1796/14/123
f 1793/10/124 1792/8/124 1797/15/124
f 1794/5/125 1793/10/125 1798/16/125
f 1790/2/126 1799/12/126 1795/13/126
f 1791/3/127 1795/13/127 1796/17/127
f 1792/8/128 1796/14/128 1797/15/128
f 1793/10/129 1797/15/129 1798/16/129
f 1794/5/130 1798/16/130 1799/12/130
f 1795/13/131 1799/12/131 1800/18/131
f 1796/17/272 1795/13/272 1800/19/272
f 1797/15/133 1796/14/133 1800/20/133
f 1798/16/134 1797/15/134 1800/21/134
f 1799/12/135 1798/16/135 1800/22/135
f 1801/1/136 1802/2/136 1803/3/136
f 1802/2/137 1801/4/137 1806/5/137
f 1801/6/138 1803/7/138 1804/8/138
f 1801/9/139 1804/8/139 1805/10/139
f 1801/11/140 1805/10/140 1806/5/140
f 1802/2/141 1806/5/141 1811/12/141
f 1803/3/142 1802/2/142 1807/13/142
f 1804/8/143 1803/7/143 1808/14/143
f 1805/10/144 1804/8/144 1809/15/144
f 1806/5/145 1805/10/145 1810/16/145
f 1802/2/146 1811/12/146 1807/13/146
f 1803/3/147 1807/13/147 1808/17/147
f 1804/8/148 1808/14/148 1809/15/148
f 1805/10/149 1809/15/149 1810/16/149
f 1806/5/150 1810/16/150 1811/12/150
f 1807/13/151 1811/12/151 1812/18/151
f 1808/17/152 1807/13/152 1812/19/152
f 1809/15/153 1808/14/153 1812/20/153
f 1810/16/154 1809/15/154 1812/21/154
f 1811/12/155 1810/16/155 1812/22/155
f 1813/1/377 1814/2/377 1815/3/377
f 1814/2/157 1813/4/157 1818/5/157
f 1813/6/158 1815/7/158 1816/8/158
f 1813/9/159 1816/8/159 1817/10/159
f 1813/11/160 1817/10/160 1818/5/160
f 1814/2/161 1818/5/161 1823/12/161
f 1815/3/162 1814/2/162 1819/13/162
f 1816/8/163 1815/7/163 1820/14/163
f 1817/10/164 1816/8/164 1821/15/164
f 1818/5/165 1817/10/165 1822/16/165
f 1814/2/166 1823/12/166 1819/13/166
f 1815/3/167 1819/13/167 1820/17/167
f 1816/8/168 1820/14/168 1821/15/168
f 1817/10/169 1821/15/169 1822/16/169
f 1818/5/170 1822/16/170 1823/12/170
f 1819/13/171 1823/12/171 1824/18/171
f 1820/17/172 1819/13/172 1824/19/172
f 1821/15/173 1820/14/173 1824/20/173
f 1822/16/174 1821/15/174 1824/21/174
f 1823/12/175 1822/16/175 1824/22/175
f 1825/1/1 1826/2/1 1827/3/1
f 1826/2/2 1825/4/2 1830/5/2
f 1825/6/3 1827/7/3 1828/8/3
f 1825/9/4 1828/8/4 1829/10/4
f 1825/11/5 1829/10/5 1830/5/5
f 1826/2/6 1830/5/6 1835/12/6
f 1827/3/81 1826/2/81 1831/13/81
f 1828/8/8 1827/7/8 1832/14/8
f 1829/10/9 1828/8/9 1833/15/9
f 1830/5/10 1829/10/10 1834/16/10
f 1826/2/11 1835/12/11 1831/13/11
f 1827/3/12 1831/13/12 1832/17/12
f 1828/8/13 1832/14/13 1833/15/13
f 1829/10/82 1833/15/82 1834/16/82
f 1830/5/15 1834/16/15 1835/12/15
f 1831/13/16 1835/12/16 1836/18/16
f 1832/17/17 1831/13/17 1836/19/17
f 1833/15/18 1832/14/18 1836/20/18
f 1834/16/19 1833/15/19 1836/21/19
f 1835/12/20 1834/16/20 1836/22/20
f 1837/1/21 1838/2/21 1839/3/21
f 1838/2/22 1837/4/22 1842/5/22
f 1837/6/23 1839/7/23 1840/8/23
f 1837/9/24 1840/8/24 1841/10/24
f 1837/11/83 1841/10/83 1842/5/83
f 1838/2/26 1842/5/26 1847/12/26
f 1839/3/84 1838/2/84 1843/13/84
f 1840/8/28 1839/7/28 1844/14/28
f 1841/10/29 1840/8/29 1845/15/29
f 1842/5/30 1841/10/30 1846/16/30
f 1838/2/31 1847/12/31 1843/13/31
f 1839/3/32 1843/13/32 1844/17/32
f 1840/8/33 1844/14/33 1845/15/33
f 1841/10/34 1845/15/34 1846/16/34
f 1842/5/35 1846/16/35 1847/12/35
f 1843/13/36 1847/12/36 1848/18/36
f 1844/17/37 1843/13/37 1848/19/37
f 1845/15/38 1844/14/38 1848/20/38
f 1846/16/39 1845/15/39 1848/21/39
f 1847/12/40 1846/16/40 1848/22/40
f 1849/1/41 1850/2/41 1851/3/41
f 1850/2/42 1849/4/42 1854/5/42
f 1849/6/43 1851/7/43 1852/8/43
f 1849/9/44 1852/8/44 1853/10/44
f 1849/11/45 1853/10/45 1854/5/45
f 1850/2/46 1854/5/46 1859/12/46
f 1851/3/47 1850/2/47 1855/13/47
f 1852/8/48 1851/7/48 1856/14/48
f 1853/10/49 1852/8/49 1857/15/49
f 1854/5/50 1853/10/50 1858/16/50
f 1850/2/51 1859/12/51 1855/13/51
f 1851/3/52 1855/13/52 1856/17/52
f 1852/8/53 1856/14/53 1857/15/53
f 1853/10/54 1857/15/54 1858/16/54
f 1854/5/55 1858/16/55 1859/12/55
f 1855/13/56 1859/12/56 1860/18/56
f 1856/17/57 1855/13/57 1860/19/57
f 1857/15/58 1856/14/58 1860/20/58
f 1858/16/59 1857/15/59 1860/21/59
f 1859/12/60 1858/16/60 1860/22/60
f 1861/1/359 1862/2/359 1863/3/359
f 1862/2/62 1861/4/62 1866/5/62
f 1861/6/87 1863/7/87 1864/8/87
f 1861/9/401 1864/8/401 1865/10/401
f 1861/11/265 1865/10/265 1866/5/265
f 1862/2/66 1866/5/66 1871/12/66
f 1863/3/67 1862/2/67 1867/13/67
f 1864/8/402 1863/7/402 1868/14/402
f 1865/10/403 1864/8/403 1869/15/403
f 1866/5/70 1865/10/70 1870/16/70
f 1862/2/404 1871/12/404 1867/13/404
f 1863/3/72 1867/13/72 1868/17/72
f 1864/8/73 1868/14/73 1869/15/73
f 1865/10/74 1869/15/74 1870/16/74
f 1866/5/405 1870/16/405 1871/12/405
f 1867/13/76 1871/12/76 1872/18/76
f 1868/17/88 1867/13/88 1872/19/88
f 1869/15/78 1868/14/78 1872/20/78
f 1870/16/270 1869/15/270 1872/21/270
f 1871/12/80 1870/16/80 1872/22/80
f 1873/1/176 1874/2/176 1875/3/176
f 1874/2/177 1873/4/177 1878/5/177
f 1873/6/178 1875/7/178 1876/8/178
f 1873/9/179 1876/8/179 1877/10/179
f 1873/11/180 1877/10/180 1878/5/180
f 1874/2/382 1878/5/382 1883/12/382
f 1875/3/182 1874/2/182 1879/13/182
f 1876/8/183 1875/7/183 1880/14/183
f 1877/10/184 1876/8/184 1881/15/184
f 1878/5/185 1877/10/185 1882/16/185
f 1874/2/186 1883/12/186 1879/13/186
f 1875/3/187 1879/13/187 1880/17/187
f 1876/8/188 1880/14/188 1881/15/188
f 1877/10/189 1881/15/189 1882/16/189
f 1878/5/190 1882/16/190 1883/12/190
f 1879/13/191 1883/12/191 1884/18/191
f 1880/17/192 1879/13/192 1884/19/192
f 1881/15/193 1880/14/193 1884/20/193
f 1882/16/194 1881/15/194 1884/21/194
f 1883/12/195 1882/16/195 1884/22/195
f 1885/1/196 1886/2/196 1887/3/196
f 1886/2/197 1885/4/197 1890/5/197
f 1885/6/198 1887/7/198 1888/8/198
f 1885/9/199 1888/8/199 1889/10/199
f 1885/11/200 1889/10/200 1890/5/200
f 1886/2/201 1890/5/201 1895/12/201
f 1887/3/202 1886/2/202 1891/13/202
f 1888/8/203 1887/7/203 1892/14/203
f 1889/10/204 1888/8/204 1893/15/204
f 1890/5/205 1889/10/205 1894/16/205
f 1886/2/206 1895/12/206 1891/13/206
f 1887/3/207 1891/13/207 1892/17/207
f 1888/8/208 1892/14/208 1893/15/208
f 1889/10/387 1893/15/387 1894/16/387
f 1890/5/210 1894/16/210 1895/12/210
f 1891/13/211 1895/12/211 1896/18/211
f 1892/17/388 1891/13/388 1896/19/388
f 1893/15/213 1892/14/213 1896/20/213
f 1894/16/214 1893/15/214 1896/21/214
f 1895/12/215 1894/16/215 1896/22/215
f 1897/1/216 1898/2/216 1899/3/216
f 1898/2/217 1897/4/217 1902/5/217
f 1897/6/218 1899/7/218 1900/8/218
f 1897/9/219 1900/8/219 1901/10/219
f 1897/11/220 1901/10/220 1902/5/220
f 1898/2/221 1902/5/221 1907/12/221
f 1899/3/222 1898/2/222 1903/13/222
f 1900/8/223 1899/7/223 1904/14/223
f 1901/10/224 1900/8/224 1905/15/224
f 1902/5/225 1901/10/225 1906/16/225
f 1898/2/226 1907/12/226 1903/13/226
f 1899/3/227 1903/13/227 1904/17/227
f 1900/8/228 1904/14/228 1905/15/228
f 1901/10/229 1905/15/229 1906/16/229
f 1902/5/230 1906/16/230 1907/12/230
f 1903/13/231 1907/12/231 1908/18/231
f 1904/17/232 1903/13/232 1908/19/232
f 1905/15/233 1904/14/233 1908/20/233
f 1906/16/234 1905/15/234 1908/21/234
f 1907/12/235 1906/16/235 1908/22/235
f 1909/1/236 1910/2/236 1911/3/236
f 1910/2/237 1909/4/237 1914/5/237
f 1909/6/238 1911/7/238 1912/8/238
f 1909/9/239 1912/8/239 1913/10/239
f 1909/11/240 1913/10/240 1914/5/240
f 1910/2/241 1914/5/241 1919/12/241
f 1911/3/242 1910/2/242 1915/13/242
f 1912/8/243 1911/7/243 1916/14/243
f 1913/10/244 1912/8/244 1917/15/244
f 1914/5/245 1913/10/245 1918/16/245
f 1910/2/393 1919/12/393 1915/13/393
f 1911/3/247 1915/13/247 1916/17/247
f 1912/8/248 1916/14/248 1917/15/248
f 1913/10/249 1917/15/249 1918/16/249
f 1914/5/259 1918/16/259 1919/12/259
f 1915/13/394 1919/12/394 1920/18/394
f 1916/17/252 1915/13/252 1920/19/252
f 1917/15/260 1916/14/260 1920/20/260
f 1918/16/261 1917/15/261 1920/21/261
f 1919/12/255 1918/16/255 1920/22/255
